sample_id,year,qtr,quarter,aluminium,ammonium,chloride,fluoride,iron,magnesium,manganese,nitrate,phosphate,sodium,sulphate,compliance_%
K1,2013,1,Jan-Mar,0.01,0.53,37,0.18,0.02,12.0,0.04,3.26,0.3,37.0,78,100.0
K1,2013,2,Apr-Jun,0.01,0.87,39,0.22,0.01,13.0,0.07,3.9,0.43,37.0,90,100.0
K1,2013,3,Jul-Sep,0.01,0.61,42,0.24,0.03,12.0,0.16,3.5,0.3,38.0,83,100.0
K1,2013,4,Oct-Dec,0.01,2,37,0.21,0.05,12.0,0.25,2.4,0.74,38.0,73,90.91
K10,2013,1,Jan-Mar,0.01,0.23,38,0.18,0.02,13.0,0.02,3.22,0.4,37.0,74,100.0
K10,2013,2,Apr-Jun,0.01,0.72,38,0.23,0.02,13.0,0.09,3.9,0.39,34.0,155,100.0
K10,2013,3,Jul-Sep,0.01,0.35,59,0.29,0.04,12.0,0.14,3.2,0.33,40.0,85,100.0
K10,2013,4,Oct-Dec,0.01,1.4,36,0.21,0.05,12.0,0.19,2.8,0.69,38.0,72,90.91
K11,2013,1,Jan-Mar,0.01,0.12,12,0.24,0.03,8.0,0.15,0.38,0.06,12.0,235,100.0
K11,2013,2,Apr-Jun,0.01,0.1,14,0.17,0.03,8.0,0.15,0.8,0.05,12.0,135,100.0
K11,2013,3,Jul-Sep,0.01,0.1,26,0.19,0.06,9.0,0.07,1.1,0.08,14.0,86,100.0
K11,2013,4,Oct-Dec,0.02,0.36,12,0.21,0.08,9.0,0.09,0.53,0.22,13.0,64,100.0
K14,2013,1,Jan-Mar,0.01,0.12,16,0.19,0.03,4.0,0.12,0.44,0.07,17.0,36,100.0
K14,2013,2,Apr-Jun,0.01,0.1,16,0.09,0.05,3.0,0.03,1.2,0.05,14.0,21,100.0
K14,2013,3,Jul-Sep,0.01,0.18,18,0.19,0.05,3.0,0.02,1.4,0.08,17.0,50,100.0
K14,2013,4,Oct-Dec,0.01,0.28,14,0.16,0.12,4.0,0.02,1.4,0.22,18.0,14,100.0
K18,2013,1,Jan-Mar,0.01,0.31,49,0.26,0.04,14.0,0.08,3.1,0.48,45.0,103,100.0
K18,2013,2,Apr-Jun,0.01,0.41,50,0.26,0.03,16.0,0.11,4.3,0.29,43.0,120,100.0
K18,2013,3,Jul-Sep,0.01,0.61,50,0.26,0.04,14.0,0.19,4.8,0.32,46.0,100,100.0
K18,2013,4,Oct-Dec,0.01,0.62,42,0.26,0.05,15.0,0.33,2.9,0.52,51.0,105,100.0
K19,2013,1,Jan-Mar,0.01,0.2,46,0.25,0.01,15.0,0.06,3.11,0.42,39.0,93,100.0
K19,2013,2,Apr-Jun,0.01,0.24,47,0.25,0.02,16.0,0.08,4.0,0.28,39.0,115,100.0
K19,2013,3,Jul-Sep,0.28,0.37,53,0.24,0.08,14.0,0.12,4.1,0.35,44.0,93,100.0
K19,2013,4,Oct-Dec,0.01,0.6,51,0.28,0.03,16.0,0.18,3.6,0.64,49.0,110,90.91
K21,2013,1,Jan-Mar,0.03,0.24,41,0.22,0.04,13.0,0.08,3.07,0.33,35.0,84,100.0
K21,2013,2,Apr-Jun,0.01,0.53,37,0.22,0.03,13.0,0.12,3.8,0.31,34.0,98,100.0
K21,2013,3,Jul-Sep,0.02,0.45,43,0.21,0.04,13.0,0.16,3.4,0.38,40.0,76,100.0
K21,2013,4,Oct-Dec,0.01,1.3,36,0.2,0.04,13.0,0.36,2.9,0.66,36.0,87,90.91
K25,2013,1,Jan-Mar,0.01,0.29,50,0.21,0.03,14.0,0.08,3.1,0.35,46.0,87,100.0
K25,2013,2,Apr-Jun,0.01,0.53,50,0.24,0.02,15.0,0.1,3.6,0.3,41.0,105,100.0
K25,2013,3,Jul-Sep,0.02,0.67,61,0.22,0.04,15.0,0.17,4.1,0.31,50.0,145,100.0
K25,2013,4,Oct-Dec,0.01,1.1,50,0.28,0.05,14.0,0.24,3.4,0.55,49.0,100,100.0
K3,2013,1,Jan-Mar,0.01,0.29,45,0.16,0.01,9.0,0.02,2.46,0.41,44.0,57,100.0
K3,2013,2,Apr-Jun,0.01,0.77,44,0.21,0.03,10.0,0.02,3.0,0.65,44.0,63,90.91
K3,2013,3,Jul-Sep,0.01,0.9,37,0.28,0.02,8.0,0.02,2.2,0.59,36.0,62,100.0
K3,2013,4,Oct-Dec,0.01,0.85,49,0.24,0.04,9.0,0.04,1.6,0.59,48.0,49,100.0
K4,2013,1,Jan-Mar,0.01,0.23,28,0.22,0.09,13.0,0.29,2.18,0.28,30.0,78,100.0
K4,2013,2,Apr-Jun,0.01,0.1,30,0.24,0.02,13.0,0.09,3.2,0.25,30.0,69,100.0
K4,2013,3,Jul-Sep,0.01,0.29,35,0.27,0.02,12.0,0.22,3.0,0.21,37.0,74,100.0
K4,2013,4,Oct-Dec,0.01,2.4,31,0.24,0.04,13.0,0.64,2.0,0.3,35.0,81,100.0
K5,2013,1,Jan-Mar,0.01,6.7,27,0.22,0.39,15.0,1.8,1.06,0.11,27.0,124,81.82
K5,2013,2,Apr-Jun,0.01,5.8,27,0.26,0.03,13.0,0.53,1.6,0.11,25.0,77,90.91
K5,2013,3,Jul-Sep,0.01,7.2,32,0.27,0.05,14.0,1.4,1.4,0.18,28.0,85,81.82
K5,2013,4,Oct-Dec,0.01,5.7,28,0.32,0.07,14.0,0.96,0.75,0.28,27.0,96,90.91
K6,2013,1,Jan-Mar,0.01,0.51,21,0.2,0.05,17.0,0.23,1.34,0.26,22.0,74,100.0
K6,2013,2,Apr-Jun,0.01,0.34,40,0.24,0.04,18.0,0.21,2.8,0.15,26.0,135,100.0
K6,2013,3,Jul-Sep,0.01,0.54,27,0.28,0.02,18.0,0.31,2.0,0.24,23.0,89,100.0
K6,2013,4,Oct-Dec,0.01,1.1,20,0.26,0.03,18.0,0.85,1.3,0.33,30.0,68,100.0
E17,2013,1,Jan-Mar,0.01,3.2,24,0.34,0.13,20.0,1.1,0.63,0.05,33.0,235,90.91
E17,2013,2,Apr-Jun,0.01,4.1,34,0.32,0.3,24.0,2.1,1.0,0.05,32.0,315,90.91
E17,2013,3,Jul-Sep,1.7,3.6,78,0.32,3.3,32.0,6.3,0.72,0.06,40.0,305,72.73
E17,2013,4,Oct-Dec,0.02,4,28,0.37,0.04,19.0,1.2,0.45,0.18,36.0,265,90.91
E2,2013,1,Jan-Mar,0.08,7.8,44,0.19,0.08,8.0,0.16,1.27,0.05,115.0,211,90.91
E2,2013,2,Apr-Jun,5.7,4.8,26,0.26,80.0,35.0,3.3,1.5,0.09,44.0,185,72.73
E2,2013,3,Jul-Sep,0.02,3.6,24,0.28,0.22,10.0,0.57,0.66,0.23,36.0,135,100.0
E2,2013,4,Oct-Dec,0.06,6.7,34,0.41,0.16,6.0,0.21,0.13,0.32,29.0,240,90.91
E7,2013,1,Jan-Mar,0.01,6.7,34,0.28,0.25,21.0,2.1,0.77,0.1,43.0,340,81.82
E7,2013,2,Apr-Jun,0.02,7.2,38,0.32,3.9,24.0,2.8,1.1,0.06,38.0,395,72.73
E7,2013,3,Jul-Sep,0.02,6.8,38,0.21,0.1,21.0,2.3,1.0,0.07,48.0,325,81.82
E7,2013,4,Oct-Dec,0.02,6,24,0.29,0.03,17.0,1.3,0.57,0.18,42.0,380,81.82
E8,2013,1,Jan-Mar,0.01,0.11,23,0.52,0.03,22.0,0.3,0.7,0.05,27.0,215,100.0
E8,2013,2,Apr-Jun,0.21,0.1,52,0.36,0.06,26.0,0.18,0.65,0.05,24.0,230,100.0
E8,2013,3,Jul-Sep,0.01,0.62,42,0.25,0.04,38.0,0.37,0.75,0.26,41.0,350,100.0
E8,2013,4,Oct-Dec,0.01,0.26,29,0.4,0.02,27.0,0.1,0.66,0.19,31.0,260,100.0
N4,2013,1,Jan-Mar,0.53,0.6,62,0.2,4.7,28.0,7.9,0.66,0.05,14.0,300,72.73
N4,2013,2,Apr-Jun,0.56,1.4,115,0.28,6.1,35.0,6.4,0.68,0.05,22.0,320,72.73
N4,2013,3,Jul-Sep,3.9,1.6,170,0.6,9.7,41.0,13.0,1.3,0.33,21.0,275,72.73
N4,2013,4,Oct-Dec,4.7,0.59,155,0.32,1.8,41.0,13.0,0.47,0.19,21.0,415,72.73
N7,2013,1,Jan-Mar,0.01,2.3,30,0.26,0.36,17.0,2.1,0.7,0.08,21.0,230,90.91
N7,2013,2,Apr-Jun,0.01,3,44,0.29,0.04,25.0,2.9,1.2,0.06,26.0,300,90.91
N7,2013,3,Jul-Sep,0.06,4,43,0.42,0.18,18.0,3.0,0.92,0.06,34.0,270,90.91
N7,2013,4,Oct-Dec,0.02,4.3,31,0.42,0.07,17.0,2.7,0.38,0.19,26.0,240,90.91
N8,2013,1,Jan-Mar,0.01,1.3,59,0.31,0.07,17.0,0.23,2.95,0.23,43.0,108,100.0
N8,2013,2,Apr-Jun,0.01,1.7,58,0.3,0.02,19.0,0.29,2.8,0.1,40.0,180,100.0
N8,2013,3,Jul-Sep,0.01,2.6,79,0.3,0.05,18.0,0.67,4.4,0.11,57.0,115,100.0
N8,2013,4,Oct-Dec,0.01,1.9,63,0.38,0.03,18.0,0.72,2.9,0.29,51.0,140,100.0
R1,2013,1,Jan-Mar,0.01,0.12,57,0.4,0.06,30.0,0.4,0.34,0.07,71.0,400,100.0
R1,2013,2,Apr-Jun,0.01,0.1,82,0.39,0.01,43.0,0.18,0.13,0.05,100.0,295,100.0
R1,2013,3,Jul-Sep,0,0,0,0,0.0,0.0,0.0,0.0,0,0.0,0,0.0
R1,2013,4,Oct-Dec,0.01,0.25,50,0.27,0.02,36.0,0.31,0.35,0.1,95.0,400,100.0
R2,2013,1,Jan-Mar,0.37,0.11,17,0.31,0.18,11.0,0.04,0.56,0.11,16.0,166,100.0
R2,2013,2,Apr-Jun,0.01,0.1,26,0.41,0.02,13.0,0.02,1.3,0.07,21.0,105,100.0
R2,2013,3,Jul-Sep,0.01,0.52,34,0.36,0.17,13.0,0.49,1.0,0.06,22.0,42,100.0
R2,2013,4,Oct-Dec,0.03,0.57,20,0.39,0.06,12.0,0.51,0.98,0.17,19.0,82,100.0
R3,2013,1,Jan-Mar,0.02,0.11,26,0.56,0.02,15.0,0.09,0.32,0.19,28.0,124,100.0
R3,2013,2,Apr-Jun,0.01,0.1,30,0.63,0.01,16.0,0.03,0.68,0.06,30.0,100,100.0
R3,2013,3,Jul-Sep,0.02,0.45,17,0.48,0.1,10.0,0.03,0.93,0.06,17.0,45,100.0
R3,2013,4,Oct-Dec,0.02,0.82,12,0.71,0.05,19.0,0.06,1.0,0.15,27.0,49,100.0
R4,2013,1,Jan-Mar,0.01,0.11,68,0.45,0.01,46.0,0.15,0.21,0.1,60.0,378,100.0
R4,2013,2,Apr-Jun,0.01,0.1,82,0.48,0.01,60.0,0.16,0.21,0.06,70.0,325,100.0
R4,2013,3,Jul-Sep,0.01,0.62,115,0.36,0.12,82.0,0.11,0.54,0.22,93.0,345,90.91
R4,2013,4,Oct-Dec,0.01,0.18,90,0.46,0.03,64.0,0.32,0.56,0.15,68.0,430,100.0
R5,2013,1,Jan-Mar,0.03,0.47,44,0.27,0.01,36.0,0.04,0.81,0.24,39.0,260,100.0
R5,2013,2,Apr-Jun,0.01,0.2,58,0.32,0.01,47.0,0.03,1.6,0.08,47.0,345,100.0
R5,2013,3,Jul-Sep,0.01,0.96,72,0.22,0.02,61.0,0.19,1.9,0.14,58.0,345,100.0
R5,2013,4,Oct-Dec,0.01,0.94,70,0.38,0.11,57.0,0.24,0.75,0.23,55.0,340,100.0
R6,2013,1,Jan-Mar,0.01,0.23,58,0.3,0.03,19.0,0.08,2.79,0.29,43.0,117,100.0
R6,2013,2,Apr-Jun,0.01,0.45,60,0.31,0.02,21.0,0.18,3.8,0.13,41.0,180,100.0
R6,2013,3,Jul-Sep,0.01,1,78,0.29,0.03,21.0,0.55,5.5,0.11,58.0,140,100.0
R6,2013,4,Oct-Dec,0.01,0.84,66,0.4,0.03,20.0,0.63,3.7,0.28,54.0,170,100.0
K1,2014,1,Jan-Mar,0.01,0.4,28,0.28,0.03,14.0,0.37,2.1,0.32,33.0,73,100.0
K1,2014,2,Apr-Jun,0.02,0.67,45,0.23,0.05,15.0,0.44,3.8,0.44,46.0,88,100.0
K1,2014,3,Jul-Sep,0.01,3.5,37,0.16,0.05,12.0,0.4,2.4,0.73,45.0,84,90.91
K1,2014,4,Oct-Dec,0.25,1.7,28,0.11,0.33,13.0,0.72,3.2,0.49,32.0,120,100.0
K10,2014,1,Jan-Mar,0.05,0.25,28,0.31,0.04,14.0,0.22,2.1,0.36,32.0,68,100.0
K10,2014,2,Apr-Jun,0.02,0.43,45,0.26,0.07,15.0,0.29,4.0,0.33,46.0,88,100.0
K10,2014,3,Jul-Sep,0.01,3.5,36,0.16,0.04,13.0,0.19,2.3,0.8,46.0,92,90.91
K10,2014,4,Oct-Dec,0.1,1.2,26,0.11,0.07,12.0,0.47,2.6,0.39,29.0,110,100.0
K11,2014,1,Jan-Mar,0.03,0.73,14,0.39,0.05,9.0,0.4,0.41,0.1,14.0,46,100.0
K11,2014,2,Apr-Jun,0.04,2.6,23,0.22,0.08,12.0,0.32,1.1,0.21,23.0,89,100.0
K11,2014,3,Jul-Sep,0.03,6.7,29,0.32,0.14,11.0,1.1,2.0,0.16,30.0,110,81.82
K11,2014,4,Oct-Dec,0.03,0.18,14,0.16,0.18,10.0,0.49,0.66,0.08,17.0,105,100.0
K14,2014,1,Jan-Mar,0.01,0.52,16,0.4,0.21,4.0,0.21,1.1,0.1,17.0,35,100.0
K14,2014,2,Apr-Jun,0.03,0.22,14,0.16,0.13,3.0,0.08,0.54,0.1,15.0,24,100.0
K14,2014,3,Jul-Sep,0.01,0.25,21,0.12,0.12,3.0,0.07,0.37,0.12,18.0,22,100.0
K14,2014,4,Oct-Dec,0.02,0.18,10,0.08,0.14,3.0,0.1,0.28,0.08,16.0,38,100.0
K18,2014,1,Jan-Mar,0.03,0.25,36,0.31,0.06,16.0,0.19,2.3,0.36,40.0,90,100.0
K18,2014,2,Apr-Jun,0.02,0.22,58,0.32,0.03,17.0,0.2,4.9,0.34,56.0,120,100.0
K18,2014,3,Jul-Sep,0.02,0.92,53,0.31,0.06,18.0,0.29,4.3,0.39,58.0,195,100.0
K18,2014,4,Oct-Dec,0.11,1,40,0.22,0.16,16.0,0.44,3.2,0.33,43.0,150,100.0
K19,2014,1,Jan-Mar,0.02,0.24,42,0.31,0.03,17.0,0.16,2.8,0.35,43.0,105,100.0
K19,2014,2,Apr-Jun,0.02,0.23,54,0.29,0.06,18.0,0.13,4.5,0.39,54.0,111,100.0
K19,2014,3,Jul-Sep,0.02,0.74,57,0.29,0.07,20.0,0.27,4.4,0.44,60.0,150,100.0
K19,2014,4,Oct-Dec,0.09,0.34,45,0.25,0.13,17.0,0.39,3.7,0.36,55.0,145,100.0
K21,2014,1,Jan-Mar,0.02,0.24,39,0.26,0.05,14.0,0.33,2.8,0.37,35.0,87,100.0
K21,2014,2,Apr-Jun,0.02,0.34,45,0.25,0.04,14.0,0.28,3.5,0.38,44.0,87,100.0
K21,2014,3,Jul-Sep,0.03,2.5,44,0.27,0.12,13.0,0.39,3.4,0.67,47.0,110,90.91
K21,2014,4,Oct-Dec,0.09,1.4,32,0.18,0.13,12.0,0.7,3.3,0.43,37.0,96,100.0
K25,2014,1,Jan-Mar,0.06,0.25,40,0.24,0.08,15.0,0.22,2.4,0.34,39.0,94,100.0
K25,2014,2,Apr-Jun,0.02,0.28,53,0.28,0.08,16.0,0.24,4.1,0.31,52.0,117,100.0
K25,2014,3,Jul-Sep,0.01,2.5,57,0.37,0.04,20.0,0.36,4.3,0.57,62.0,190,100.0
K25,2014,4,Oct-Dec,0.05,0.77,29,0.21,0.07,15.0,0.5,2.2,0.2,35.0,170,100.0
K3,2014,1,Jan-Mar,0.01,0.69,48,0.24,0.09,11.0,0.19,2.9,0.78,44.0,53,90.91
K3,2014,2,Apr-Jun,0.03,0.69,53,0.26,0.05,10.0,0.06,1.6,0.57,52.0,64,100.0
K3,2014,3,Jul-Sep,0.02,0.48,60,0.38,0.11,14.0,0.15,4.4,0.42,58.0,64,100.0
K3,2014,4,Oct-Dec,0.02,1.7,34,0.2,0.06,9.0,0.06,3.7,1.2,35.0,47,90.91
K4,2014,1,Jan-Mar,0.01,0.25,31,0.24,0.03,13.0,0.38,2.4,0.32,33.0,57,100.0
K4,2014,2,Apr-Jun,0.02,1.3,36,0.27,0.05,15.0,0.81,3.3,0.28,41.0,90,100.0
K4,2014,3,Jul-Sep,0.02,2.2,37,0.23,0.05,14.0,0.87,4.8,0.17,47.0,115,100.0
K4,2014,4,Oct-Dec,0.04,2,22,0.22,0.12,12.0,0.76,1.4,0.14,31.0,115,100.0
K5,2014,1,Jan-Mar,0.01,4.6,25,0.22,0.04,17.0,2.1,1.4,0.15,26.0,150,90.91
K5,2014,2,Apr-Jun,0.02,8.8,34,0.28,0.23,17.0,1.1,0.77,0.13,34.0,123,81.82
K5,2014,3,Jul-Sep,0.04,12,34,0.28,0.28,15.0,1.5,0.91,0.21,38.0,95,81.82
K5,2014,4,Oct-Dec,0.05,5.1,19,0.24,0.22,13.0,1.3,0.69,0.08,23.0,170,81.82
K6,2014,1,Jan-Mar,0.01,1.2,23,0.21,0.05,17.0,0.48,1.1,0.44,32.0,70,100.0
K6,2014,2,Apr-Jun,0.01,2.1,25,0.25,0.07,19.0,0.28,1.9,0.31,26.0,113,100.0
K6,2014,3,Jul-Sep,0.05,2.8,32,0.3,0.15,18.0,0.68,1.9,0.49,32.0,115,100.0
K6,2014,4,Oct-Dec,0.02,2.5,21,0.25,0.27,18.0,0.97,1.1,0.3,28.0,120,100.0
E17,2014,1,Jan-Mar,0.02,3.7,48,0.4,0.12,18.0,1.4,0.99,0.17,46.0,210,90.91
E17,2014,2,Apr-Jun,0.03,4.9,51,0.32,0.18,26.0,1.9,0.53,0.2,54.0,306,90.91
E17,2014,3,Jul-Sep,0.04,2.7,85,0.65,0.2,89.0,1.7,2.1,0.14,100.0,240,81.82
E17,2014,4,Oct-Dec,0.03,2.8,63,0.32,0.56,105.0,2.8,0.54,0.06,89.0,355,81.82
E2,2014,1,Jan-Mar,0.02,3.4,19,0.31,0.16,7.0,0.27,0.45,0.55,22.0,70,100.0
E2,2014,2,Apr-Jun,0.02,1.2,23,0.25,0.14,8.0,0.31,0.95,0.13,17.0,35,100.0
E2,2014,3,Jul-Sep,0.04,4.2,36,0.26,2.1,9.0,0.21,1.7,0.47,52.0,140,90.91
E2,2014,4,Oct-Dec,0.22,12,17,0.61,0.52,8.0,0.28,0.41,0.92,39.0,66,81.82
E7,2014,1,Jan-Mar,0.01,4.6,32,0.39,0.09,17.0,1.2,0.46,0.24,35.0,250,90.91
E7,2014,2,Apr-Jun,0.06,6.9,42,0.27,0.28,22.0,1.8,0.29,0.18,47.0,283,81.82
E7,2014,3,Jul-Sep,0.02,4.9,72,0.67,0.13,93.0,2.2,0.95,0.11,89.0,165,81.82
E7,2014,4,Oct-Dec,0.12,2.6,80,0.23,0.69,115.0,2.4,2.6,0.08,115.0,350,81.82
E8,2014,1,Jan-Mar,0.01,0.22,30,0.44,0.04,32.0,0.51,0.74,0.1,35.0,225,100.0
E8,2014,2,Apr-Jun,0.01,1,55,0.29,0.03,52.0,0.7,0.65,0.14,78.0,437,100.0
E8,2014,3,Jul-Sep,0.01,0.22,54,0.41,0.04,44.0,0.27,0.42,0.09,46.0,470,100.0
E8,2014,4,Oct-Dec,0.08,0.12,56,0.44,0.1,57.0,0.99,0.65,0.07,59.0,225,100.0
N4,2014,1,Jan-Mar,1.9,0.57,115,0.34,6.8,41.0,6.1,0.81,0.1,28.0,315,72.73
N4,2014,2,Apr-Jun,1.5,0.85,138,0.15,2.5,44.0,13.0,1.2,0.08,40.0,425,72.73
N4,2014,3,Jul-Sep,1.9,1.5,145,0.3,6.0,38.0,12.0,1.2,0.09,30.0,370,72.73
N4,2014,4,Oct-Dec,1.6,0.41,125,0.28,8.3,45.0,10.0,0.54,0.07,28.0,285,72.73
N7,2014,1,Jan-Mar,0.01,1.1,31,0.33,0.05,18.0,2.8,0.72,0.09,21.0,200,90.91
N7,2014,2,Apr-Jun,0.05,0.93,46,0.24,0.24,21.0,4.4,1.3,0.25,47.0,213,90.91
N7,2014,3,Jul-Sep,0.01,2.3,35,2.3,0.09,18.0,2.3,1.8,0.09,23.0,130,81.82
N7,2014,4,Oct-Dec,0.12,2,26,0.3,0.42,15.0,1.4,0.7,0.11,21.0,180,90.91
N8,2014,1,Jan-Mar,0.01,0.44,50,0.33,0.04,18.0,0.23,2.6,0.27,46.0,100,100.0
N8,2014,2,Apr-Jun,0.01,1.5,71,0.35,0.04,21.0,0.39,4.1,0.22,60.0,163,100.0
N8,2014,3,Jul-Sep,0.02,2.5,79,0.25,0.1,34.0,0.66,3.8,0.23,79.0,325,100.0
N8,2014,4,Oct-Dec,0.04,1.2,60,0.38,0.26,26.0,0.63,4.0,0.17,62.0,255,100.0
R1,2014,1,Jan-Mar,0.02,0.25,57,0.41,0.03,34.0,0.51,0.31,0.14,105.0,275,100.0
R1,2014,2,Apr-Jun,0.01,0.25,94,0.53,0.02,57.0,3.5,0.1,0.1,145.0,402,90.91
R1,2014,3,Jul-Sep,0.01,0.25,72,0.08,0.23,62.0,0.46,0.33,0.1,170.0,94,90.91
R1,2014,4,Oct-Dec,0,0,0,0,0.0,0.0,0.0,0.0,0,0.0,0,0.0
R2,2014,1,Jan-Mar,0.02,0.25,22,0.4,0.18,12.0,0.08,0.65,0.23,23.0,36,100.0
R2,2014,2,Apr-Jun,0.01,0.64,64,0.38,0.1,15.0,0.09,1.9,0.22,41.0,147,100.0
R2,2014,3,Jul-Sep,0.01,0.3,40,0.28,0.09,16.0,0.27,1.7,0.15,37.0,79,100.0
R2,2014,4,Oct-Dec,0.51,0.72,62,0.34,0.52,10.0,0.22,0.64,2,18.0,205,81.82
R3,2014,1,Jan-Mar,0.08,0.25,30,0.67,0.07,18.0,0.05,0.38,0.12,35.0,80,100.0
R3,2014,2,Apr-Jun,0.04,0.28,34,0.63,0.07,15.0,0.08,0.64,0.09,28.0,139,100.0
R3,2014,3,Jul-Sep,0.09,0.29,18,0.51,0.15,9.0,0.1,0.64,0.1,15.0,40,100.0
R3,2014,4,Oct-Dec,0.1,0.57,16,2.1,0.2,40.0,0.75,6.8,0.6,51.0,91,81.82
R4,2014,1,Jan-Mar,0.01,0.25,72,0.48,0.04,50.0,0.14,0.42,0.12,100.0,230,100.0
R4,2014,2,Apr-Jun,0.01,0.22,101,0.61,0.02,61.0,0.11,0.69,0.16,98.0,359,100.0
R4,2014,3,Jul-Sep,0.01,0.39,120,0.4,0.11,78.0,0.21,1.4,0.2,140.0,160,90.91
R4,2014,4,Oct-Dec,0.03,0.44,44,1.4,0.04,44.0,0.08,4.4,1.2,92.0,68,81.82
R5,2014,1,Jan-Mar,0.01,0.25,58,0.28,0.02,47.0,0.13,1.1,0.15,81.0,370,100.0
R5,2014,2,Apr-Jun,0.02,0.95,85,0.41,0.02,57.0,0.12,1.1,0.17,80.0,452,100.0
R5,2014,3,Jul-Sep,0.02,1.3,85,0.27,0.05,62.0,0.19,3.9,0.2,80.0,150,100.0
R5,2014,4,Oct-Dec,0.1,1,65,0.36,0.15,55.0,0.28,2.0,0.4,87.0,175,100.0
R6,2014,1,Jan-Mar,0.01,0.24,51,0.32,0.03,21.0,0.1,2.8,0.28,50.0,145,100.0
R6,2014,2,Apr-Jun,0.01,0.56,72,0.35,0.05,23.0,0.22,4.5,0.21,62.0,190,100.0
R6,2014,3,Jul-Sep,0.02,1.2,67,0.33,0.06,37.0,0.54,3.8,0.15,80.0,210,100.0
R6,2014,4,Oct-Dec,0.05,0.66,57,0.28,0.17,28.0,0.64,3.9,0.48,63.0,285,100.0
K1,2015,1,Jan-Mar,0.14,1.53,37,0.2,0.25,12.0,0.81,6.9,0.55,39.0,76,90.91
K1,2015,2,Apr-Jun,0.12,0.10,44,0.17,0.31,14.0,0.58,8.0,0.54,52.0,62,90.91
K1,2015,3,Jul-Sep,0.07,1.93,43,0.13,0.17,14.0,0.25,6.15,0.78,51.0,81,81.82
K1,2015,4,Oct-Dec,0.07,1.75,41,0.17,0.23,12.0,0.13,4.1,0.65,53.0,72,90.91
K10,2015,1,Jan-Mar,0.13,0.93,35,0.15,0.2,12.0,0.53,5.8,0.61,39.0,74,90.91
K10,2015,2,Apr-Jun,0.17,0.68,50,0.17,0.23,15.0,0.29,6.35,0.41,52.0,62,90.91
K10,2015,3,Jul-Sep,0.05,0.57,34,0.21,0.14,14.0,0.3,4.7,0.75,54.0,105,90.91
K10,2015,4,Oct-Dec,0.08,0.85,37,0.17,0.28,14.0,0.29,4.8,1.03,62.0,76,90.91
K11,2015,1,Jan-Mar,0.04,1.81,16,0.18,0.21,9.0,0.17,0.84,0.23,17.0,87,100.0
K11,2015,2,Apr-Jun,0.03,0.15,22,0.15,0.16,12.0,0.08,1.23,0.08,23.0,72,100.0
K11,2015,3,Jul-Sep,0.04,0.15,24,0.11,0.1,11.0,0.06,1.9,0.13,23.0,70,100.0
K11,2015,4,Oct-Dec,0.03,0.59,11,0.17,0.11,9.0,0.08,0.53,0.2,18.0,57,100.0
K14,2015,1,Jan-Mar,0.05,0.46,16,0.17,0.42,4.0,0.19,2.5,0.18,22.0,11,100.0
K14,2015,2,Apr-Jun,0.02,0.48,32,0.19,0.24,4.0,0.03,6.54,0.18,27.0,76,90.91
K14,2015,3,Jul-Sep,0.02,0.12,31,0.13,0.11,4.0,0.03,3.8,0.06,20.0,68,100.0
K14,2015,4,Oct-Dec,0.03,0.66,6,0.15,0.19,6.0,0.22,0.53,0.21,16.0,101,100.0
K18,2015,1,Jan-Mar,0.12,0.48,51,0.2,0.18,18.0,0.36,6.17,0.4,54.0,213,90.91
K18,2015,2,Apr-Jun,0.08,0.27,56,0.27,0.2,23.0,0.29,7.58,0.46,68.0,116,90.91
K18,2015,3,Jul-Sep,0.13,0.39,54,0.14,0.26,26.0,0.55,7.27,0.46,70.0,180,90.91
K18,2015,4,Oct-Dec,0.09,1.56,56,0.3,0.17,19.0,0.41,5.5,0.56,70.0,153,100.0
K19,2015,1,Jan-Mar,0.11,0.47,43,0.23,0.13,18.0,0.21,6.21,0.42,55.0,161,90.91
K19,2015,2,Apr-Jun,0.17,0.29,49,0.28,0.26,22.0,0.31,6.8,0.4,68.0,260,90.91
K19,2015,3,Jul-Sep,0.12,0.29,44,0.25,0.18,27.0,0.42,6.15,0.56,69.0,144,90.91
K19,2015,4,Oct-Dec,0.05,0.62,58,0.34,0.07,17.0,0.24,7.39,0.67,69.0,123,81.82
K21,2015,1,Jan-Mar,0.14,0.82,38,0.18,0.23,12.0,0.6,5.99,0.5,37.0,123,100.0
K21,2015,2,Apr-Jun,0.08,1.22,44,0.18,0.2,13.0,0.38,7.2,0.58,47.0,67,90.91
K21,2015,3,Jul-Sep,0.14,0.5,45,0.16,0.28,14.0,0.42,8.11,0.66,52.0,75,81.82
K21,2015,4,Oct-Dec,0.12,1.72,42,0.2,0.25,13.0,0.34,4.98,0.83,57.0,67,90.91
K25,2015,1,Jan-Mar,0.15,0.59,50,0.32,0.21,18.0,0.42,5.73,0.39,55.0,210,100.0
K25,2015,2,Apr-Jun,0.14,0.52,71,0.2,0.24,27.0,0.37,7.2,0.37,68.0,87,90.91
K25,2015,3,Jul-Sep,0.06,0.6,55,0.16,0.16,24.0,0.62,5.95,0.47,72.0,225,100.0
K25,2015,4,Oct-Dec,0.08,0.58,52,0.26,0.19,19.0,0.2,4.75,0.46,67.0,205,100.0
K3,2015,1,Jan-Mar,0.1,2.42,45,0.22,0.15,9.0,0.05,4.33,0.68,46.0,59,90.91
K3,2015,2,Apr-Jun,0.16,0.63,69,0.19,0.22,9.0,0.06,6.7,0.91,60.0,70,81.82
K3,2015,3,Jul-Sep,0.08,0.66,50,0.14,0.13,11.0,0.04,5.85,1.64,58.0,64,90.91
K3,2015,4,Oct-Dec,0.06,1.7,55,0.27,0.12,10.0,0.06,2.5,1.25,62.0,54,90.91
K4,2015,1,Jan-Mar,0.04,6,30,0.2,0.36,12.0,1.46,5.13,0.27,33.0,79,81.82
K4,2015,2,Apr-Jun,0.03,3.13,45,0.17,0.2,14.0,0.46,2.6,0.46,48.0,62,100.0
K4,2015,3,Jul-Sep,0.03,3.77,38,0.2,0.18,14.0,0.37,2.15,0.46,48.0,88,100.0
K4,2015,4,Oct-Dec,0.03,10.45,34,0.18,0.05,13.0,0.34,1.55,0.41,53.0,75,90.91
K5,2015,1,Jan-Mar,0.05,4.07,23,0.24,1.16,11.0,1.61,0.52,0.23,27.0,104,81.82
K5,2015,2,Apr-Jun,0.09,10.3,38,0.19,1.21,13.0,1.49,0.21,0.25,40.0,72,72.73
K5,2015,3,Jul-Sep,0.03,7.03,34,0.23,1.0,14.0,1.31,0.44,0.12,38.0,116,81.82
K5,2015,4,Oct-Dec,0.03,25.5,26,0.26,0.54,14.0,0.61,0.7,0.42,38.0,76,90.91
K6,2015,1,Jan-Mar,0.04,1.03,24,0.23,0.18,18.0,0.56,2.64,0.31,28.0,102,100.0
K6,2015,2,Apr-Jun,0.02,0.57,32,0.24,0.11,21.0,0.15,4.1,0.29,39.0,105,100.0
K6,2015,3,Jul-Sep,0.04,1,35,0.12,0.11,21.0,0.83,3.03,0.27,38.0,105,100.0
K6,2015,4,Oct-Dec,0.04,2.92,26,0.34,0.47,20.0,2.58,0.59,0.66,45.0,79,81.82
E17,2015,1,Jan-Mar,0.08,1.8,71,0.35,0.87,73.0,1.38,2.11,0.21,99.0,262,81.82
E17,2015,2,Apr-Jun,0.04,1.82,26,0.15,0.71,153.0,1.52,0.81,0.12,243.0,409,72.73
E17,2015,3,Jul-Sep,0.08,2.12,70,0.3,2.73,165.0,1.55,2.29,0.07,164.0,413,63.64
E17,2015,4,Oct-Dec,0.24,6.7,59,0.34,0.55,81.0,2.65,0.57,0.27,106.0,326,72.73
E2,2015,1,Jan-Mar,0.22,3.43,49,0.18,0.16,25.0,0.14,1.05,0.20,73.0,124,100.0
E2,2015,2,Apr-Jun,0.03,2.11,10,0.15,0.91,8.0,0.15,0.08,0.26,18.0,76,100.0
E2,2015,3,Jul-Sep,0.1,4.67,28,0.26,4.69,10.0,0.32,0.42,0.22,35.0,49,90.91
E2,2015,4,Oct-Dec,0.04,0.9,10,0.79,0.4,7.0,0.33,0.36,0.2,14.0,69,100.0
E7,2015,1,Jan-Mar,0.06,2.97,90,0.48,0.29,90.0,0.72,4.3,0.20,127.0,238,90.91
E7,2015,2,Apr-Jun,0.06,1.97,36,0.15,0.34,162.0,1.21,1.3,0.20,155.0,280,72.73
E7,2015,3,Jul-Sep,0.09,2.33,28,0.16,0.47,167.0,1.5,0.35,0.1,145.0,69,81.82
E7,2015,4,Oct-Dec,0.05,6.07,51,0.23,0.6,62.0,0.93,0.88,0.23,100.0,473,90.91
E8,2015,1,Jan-Mar,0.03,0.50,30,0.27,0.09,25.0,0.17,0.61,0.20,35.0,272,100.0
E8,2015,2,Apr-Jun,0.02,0.50,46,0.21,0.12,73.0,0.33,0.96,0.20,75.0,152,90.91
E8,2015,3,Jul-Sep,0.06,0.21,102,0.33,0.05,156.0,0.47,0.35,0.05,134.0,706,81.82
E8,2015,4,Oct-Dec,0.03,0.5,55,0.43,0.11,54.0,0.28,0.1,0.2,55.0,340,100.0
N4,2015,1,Jan-Mar,0.78,0.50,101,0.26,4.49,31.0,8.71,1.65,0.20,30.0,423,72.73
N4,2015,2,Apr-Jun,0.18,1.16,30,0.25,2.46,42.0,6.35,1.2,0.20,36.0,208,81.82
N4,2015,3,Jul-Sep,0.09,0.69,78,0.3,3.08,57.0,8.13,0.63,0.10,41.0,117,81.82
N4,2015,4,Oct-Dec,0.58,2.6,147,0.33,4.32,73.0,9.87,0.38,0.2,37.0,202,63.64
N7,2015,1,Jan-Mar,0.05,1.69,29,0.27,0.3,18.0,2.46,1.37,0.22,24.0,227,90.91
N7,2015,2,Apr-Jun,0.02,3.76,36,0.23,0.17,20.0,0.97,1.34,0.20,30.0,129,100.0
N7,2015,3,Jul-Sep,0.06,2.06,34,0.26,0.34,22.0,3.9,1.17,0.06,29.0,153,90.91
N7,2015,4,Oct-Dec,0.51,3.5,25,0.24,2.61,18.0,2.18,0.74,0.25,27.0,165,72.73
N8,2015,1,Jan-Mar,0.04,1.14,57,0.33,0.21,28.0,0.46,5.18,0.28,60.0,306,100.0
N8,2015,2,Apr-Jun,0.05,1.51,10,0.17,0.78,50.0,0.51,1.18,0.17,88.0,93,100.0
N8,2015,3,Jul-Sep,0.05,2.1,46,0.18,0.19,58.0,1.0,4.12,0.18,93.0,355,100.0
N8,2015,4,Oct-Dec,0.04,4.04,76,0.39,0.31,29.0,0.66,4.45,0.25,78.0,263,100.0
R1,2015,1,Jan-Mar,0.26,0.50,61,0.27,0.31,39.0,1.5,0.94,0.20,97.0,408,90.91
R1,2015,2,Apr-Jun,0.01,0.50,27,0.11,0.64,52.0,1.23,0.1,0.20,150.0,3140,81.82
R1,2015,3,Jul-Sep,0.01,7.72,60,0.41,0.04,39.0,0.09,6.73,0.72,113.0,32,72.73
R1,2015,4,Oct-Dec,0.07,0.9,44,0.75,0.21,28.0,0.96,1.15,0.2,23.0,298,100.0
R2,2015,1,Jan-Mar,0.2,0.50,19,0.28,0.24,15.0,0.1,0.87,0.20,21.0,52,100.0
R2,2015,2,Apr-Jun,0.01,0.39,39,0.27,0.5,13.0,0.62,1.17,0.20,38.0,37,100.0
R2,2015,3,Jul-Sep,0.04,0.13,30,0.42,0.39,14.0,0.13,0.55,0.09,33.0,42,100.0
R2,2015,4,Oct-Dec,0.6,0.5,34,0.48,0.39,20.0,2.3,0.48,0.2,37.0,56,81.82
R3,2015,1,Jan-Mar,0.21,0.50,28,0.73,0.21,16.0,0.07,0.76,0.20,34.0,74,100.0
R3,2015,2,Apr-Jun,0.08,0.50,29,0.41,0.19,16.0,0.05,0.56,0.16,34.0,50,100.0
R3,2015,3,Jul-Sep,0.1,0.13,19,0.38,0.4,12.0,0.11,6.69,0.07,24.0,37,90.91
R3,2015,4,Oct-Dec,0.04,0.4,14,0.6,0.16,14.0,0.04,1.21,0.3,24.0,101,100.0
R4,2015,1,Jan-Mar,0.03,0.50,79,0.41,0.03,41.0,0.46,7.13,0.20,202.0,283,81.82
R4,2015,2,Apr-Jun,0.07,4.75,39,0.34,0.04,50.0,8.49,9.03,0.20,380.0,0,63.64
R4,2015,3,Jul-Sep,0.04,0.13,100,0.58,0.06,72.0,0.29,0.67,0.07,128.0,31,90.91
R4,2015,4,Oct-Dec,0.05,1.17,128,0.46,0.07,82.0,0.63,4.55,0.73,164.0,328,72.73
R5,2015,1,Jan-Mar,0.1,0.75,87,0.26,0.12,37.0,0.91,7.66,0.18,174.0,553,72.73
R5,2015,2,Apr-Jun,0.08,0.95,10,0.2,0.15,47.0,1.97,2.76,0.16,174.0,184,81.82
R5,2015,3,Jul-Sep,0.07,1.22,9,0.24,0.11,78.0,0.5,0.73,0.16,127.0,248,90.91
R5,2015,4,Oct-Dec,0.14,0.5,90,0.56,0.17,79.0,0.94,1.23,0.21,158.0,315,81.82
R6,2015,1,Jan-Mar,0.1,0.57,63,0.33,0.22,29.0,0.33,5.68,0.24,74.0,361,100.0
R6,2015,2,Apr-Jun,0.05,0.71,8,0.11,0.15,49.0,0.75,1.24,0.14,101.0,86,100.0
R6,2015,3,Jul-Sep,0.06,1.08,66,0.34,0.12,62.0,0.69,4.85,0.14,96.0,345,100.0
R6,2015,4,Oct-Dec,0.09,2.25,77,0.39,0.18,32.0,0.69,5.83,0.25,83.0,324,100.0
K1,2016,1,Jan-Mar,0.08,0.8,35,0.16,0.18,12.0,0.43,3.93,0.64,47.0,76,90.91
K1,2016,2,Apr-Jun,0.06,2.95,40,0.18,0.19,12.0,0.46,4.4,0.47,40.0,89,100.0
K1,2016,3,Jul-Sep,0.08,5.7,51,0.16,0.32,13.0,0.6,2.6,0.86,48.0,160,81.82
K1,2016,4,Oct-Dec,0.04,7.5,53,0.26,0.23,12.0,0.48,2.07,1.47,47.0,61,81.82
K10,2016,1,Jan-Mar,0.12,0.19,30,0.14,0.23,11.0,0.43,3.63,0.52,39.0,57,100.0
K10,2016,2,Apr-Jun,0.14,1.75,41,0.18,0.35,13.0,0.44,5.0,0.47,41.0,94,100.0
K10,2016,3,Jul-Sep,0.15,3,48,0.15,0.3,16.0,0.49,2.73,0.8,57.0,108,90.91
K10,2016,4,Oct-Dec,0.04,6.1,37,0.15,0.17,12.0,0.16,2.03,1.36,47.0,77,81.82
K11,2016,1,Jan-Mar,0.09,5.07,26,0.1,0.31,8.0,0.17,1.63,0.88,25.0,44,81.82
K11,2016,2,Apr-Jun,0.04,0.26,21,0.2,0.25,9.0,0.19,1.85,0.15,16.0,74,100.0
K11,2016,3,Jul-Sep,0.04,0.24,22,0.15,0.13,12.0,0.11,1.21,0.1,21.0,118,100.0
K11,2016,4,Oct-Dec,0.07,5.13,16,0.15,0.67,9.0,0.15,0.29,0.5,28.0,101,90.91
K14,2016,1,Jan-Mar,0.02,0.15,13,0.24,0.33,4.0,0.4,0.29,0.13,14.0,52,100.0
K14,2016,2,Apr-Jun,0.03,0.24,18,0.25,0.58,4.0,0.26,0.17,0.12,15.0,13,100.0
K14,2016,3,Jul-Sep,0.1,8.1,26,0.23,0.42,5.0,0.45,0.9,0.31,24.0,54,90.91
K14,2016,4,Oct-Dec,0.05,7.25,26,0.24,1.21,5.0,0.23,0.39,0.62,30.0,106,72.73
K18,2016,1,Jan-Mar,0.23,0.29,38,0.45,0.33,19.0,0.56,3.85,0.41,54.0,178,100.0
K18,2016,2,Apr-Jun,0.07,0.89,49,0.26,0.17,22.0,0.66,6.68,0.28,56.0,224,90.91
K18,2016,3,Jul-Sep,0.07,3.37,55,0.31,0.23,23.0,0.46,3.35,0.6,66.0,189,100.0
K18,2016,4,Oct-Dec,0.08,3.42,39,0.23,0.44,19.0,0.28,1.88,0.81,57.0,178,90.91
K19,2016,1,Jan-Mar,0.16,0.23,41,0.23,0.27,20.0,0.35,4.41,1.55,54.0,177,90.91
K19,2016,2,Apr-Jun,0.18,0.8,41,0.19,0.27,23.0,0.32,4.66,0.35,59.0,164,100.0
K19,2016,3,Jul-Sep,0.07,2.53,56,0.25,0.16,24.0,0.39,5.08,0.53,66.0,238,100.0
K19,2016,4,Oct-Dec,0.09,1.73,49,0.29,0.15,19.0,0.25,2.94,0.8,59.0,220,90.91
K21,2016,1,Jan-Mar,0.2,1.27,36,0.22,0.36,13.0,0.84,4.58,0.58,43.0,96,100.0
K21,2016,2,Apr-Jun,0.13,2.27,39,0.24,0.32,14.0,0.53,4.93,0.46,45.0,119,100.0
K21,2016,3,Jul-Sep,0.11,5.83,41,0.53,0.36,13.0,0.62,3.23,0.92,49.0,109,81.82
K21,2016,4,Oct-Dec,0.09,5.78,36,0.19,0.27,12.0,0.35,1.78,1.18,47.0,94,81.82
K25,2016,1,Jan-Mar,0.27,0.22,48,0.23,0.35,20.0,0.74,4.2,0.42,52.0,213,100.0
K25,2016,2,Apr-Jun,0.12,1.45,59,0.2,0.29,20.0,0.45,4.4,0.35,54.0,235,100.0
K25,2016,3,Jul-Sep,0.11,3.33,56,0.68,0.3,24.0,0.51,4.27,0.61,65.0,255,90.91
K25,2016,4,Oct-Dec,0.11,4.53,50,0.17,0.26,20.0,0.43,2.47,0.87,63.0,230,90.91
K3,2016,1,Jan-Mar,0.04,4.47,46,0.17,0.12,9.0,0.07,2.03,1.56,56.0,51,90.91
K3,2016,2,Apr-Jun,0.07,6.45,51,0.2,0.15,9.0,0.1,3.05,1.45,51.0,61,81.82
K3,2016,3,Jul-Sep,0.09,11.67,48,0.25,0.19,10.0,0.21,1.37,1.8,56.0,61,81.82
K3,2016,4,Oct-Dec,0.05,14.83,52,0.17,0.12,9.0,0.14,0.65,3.8,59.0,58,81.82
K4,2016,1,Jan-Mar,0.03,2.07,31,0.12,0.17,13.0,0.74,1.75,0.26,43.0,69,100.0
K4,2016,2,Apr-Jun,0.09,4.05,38,0.18,0.42,13.0,0.87,3.1,0.19,39.0,84,100.0
K4,2016,3,Jul-Sep,0.05,4.93,38,0.15,0.44,13.0,0.81,2.7,0.41,47.0,85,100.0
K4,2016,4,Oct-Dec,0.03,5.7,36,0.15,0.19,11.0,0.6,1.08,0.51,43.0,76,90.91
K5,2016,1,Jan-Mar,0.09,6.73,25,0.19,0.97,13.0,1.0,0.94,0.19,34.0,79,90.91
K5,2016,2,Apr-Jun,0.12,8.45,34,0.25,2.31,13.0,1.75,0.58,0.15,33.0,101,72.73
K5,2016,3,Jul-Sep,0.09,11,31,0.28,1.0,14.0,0.66,0.41,0.16,36.0,90,90.91
K5,2016,4,Oct-Dec,0.08,9.93,44,0.27,0.51,10.0,0.84,0.69,0.1,51.0,80,90.91
K6,2016,1,Jan-Mar,0.03,3.07,24,0.23,0.31,15.0,2.54,1.27,0.56,34.0,53,90.91
K6,2016,2,Apr-Jun,0.08,2.49,26,0.24,0.28,24.0,0.49,2.15,0.25,42.0,109,100.0
K6,2016,3,Jul-Sep,0.03,0.34,31,0.26,0.21,23.0,0.2,2.33,0.19,38.0,148,100.0
K6,2016,4,Oct-Dec,0.03,0.34,21,0.28,0.07,21.0,0.2,1.75,0.32,37.0,121,100.0
E17,2016,1,Jan-Mar,0.08,1.96,60,0.36,0.85,65.0,1.07,0.48,0.11,65.0,440,90.91
E17,2016,2,Apr-Jun,0.04,6.38,70,0.34,0.84,115.0,1.55,0.7,0.16,143.0,232,72.73
E17,2016,3,Jul-Sep,0.05,2.2,82,0.36,0.31,153.0,1.58,1.8,0.11,186.0,201,72.73
E17,2016,4,Oct-Dec,0.13,2.07,51,0.29,0.47,67.0,1.11,1.15,0.2,95.0,317,90.91
E2,2016,1,Jan-Mar,0.03,0.42,15,0.24,0.41,7.0,0.29,0.52,0.14,14.0,89,100.0
E2,2016,2,Apr-Jun,0.06,0.25,30,0.2,0.39,7.0,0.04,4.87,0.13,14.0,45,100.0
E2,2016,3,Jul-Sep,0.04,0.62,8,0.17,0.14,6.0,0.11,0.67,0.1,12.0,22,100.0
E2,2016,4,Oct-Dec,0.03,1,15,0.18,0.31,8.0,0.5,0.14,0.1,18.0,96,100.0
E7,2016,1,Jan-Mar,0.17,2.3,63,0.97,1.0,44.0,1.76,0.37,0.08,33.0,1073,81.82
E7,2016,2,Apr-Jun,0.06,5.23,64,0.3,0.8,133.0,1.53,0.63,0.15,153.0,153,63.64
E7,2016,3,Jul-Sep,0.04,2.05,45,0.15,0.13,135.0,0.84,1.16,0.11,168.0,503,72.73
E7,2016,4,Oct-Dec,0.05,1.57,63,0.28,0.4,77.0,1.08,2.33,0.1,105.0,164,81.82
E8,2016,1,Jan-Mar,0.06,0.1,25,0.39,0.2,19.0,0.61,0.58,0.08,33.0,226,100.0
E8,2016,2,Apr-Jun,0.03,0.2,35,0.22,0.1,47.0,0.5,0.55,0.13,57.0,378,100.0
E8,2016,3,Jul-Sep,0.04,0.2,68,0.25,0.04,65.0,0.78,0.33,0.1,77.0,390,100.0
E8,2016,4,Oct-Dec,0.06,0.7,47,0.39,0.37,36.0,1.48,1.3,0.1,46.0,228,90.91
N4,2016,1,Jan-Mar,0.08,0.22,60,0.95,0.86,30.0,4.15,0.7,0.08,18.0,186,90.91
N4,2016,2,Apr-Jun,1.15,0.55,93,0.22,2.4,57.0,16.31,0.72,0.13,35.0,161,72.73
N4,2016,3,Jul-Sep,1.4,0.69,84,0.26,8.61,56.0,18.81,0.97,0.1,34.0,483,72.73
N4,2016,4,Oct-Dec,0.21,0.41,35,0.47,1.23,26.0,6.31,0.53,0.1,25.0,293,81.82
N7,2016,1,Jan-Mar,0.09,1.97,24,0.39,0.33,17.0,2.33,1.08,0.09,19.0,239,90.91
N7,2016,2,Apr-Jun,0.05,4.17,22,0.77,0.24,21.0,3.07,2.6,0.23,29.0,213,90.91
N7,2016,3,Jul-Sep,0.03,3.8,23,0.27,0.58,15.0,1.98,0.92,0.1,22.0,140,90.91
N7,2016,4,Oct-Dec,0.03,5.12,19,0.29,0.18,14.0,1.64,0.47,0.1,21.0,119,81.82
N8,2016,1,Jan-Mar,0.05,0.97,51,0.4,0.19,32.0,0.88,2.65,0.24,62.0,299,100.0
N8,2016,2,Apr-Jun,0.05,1.47,49,0.27,0.17,45.0,0.49,2.77,0.17,81.0,197,100.0
N8,2016,3,Jul-Sep,0.06,1.79,42,0.31,0.18,52.0,0.57,2.7,0.13,90.0,283,100.0
N8,2016,4,Oct-Dec,0.07,1.17,42,0.31,0.37,34.0,0.61,2.56,0.17,69.0,273,100.0
R1,2016,1,Jan-Mar,0.01,1.45,40,0.54,0.14,36.0,0.45,0.34,0.15,74.0,230,100.0
R1,2016,2,Apr-Jun,0.09,0.2,54,0.32,0.4,17.0,0.14,1.5,0.1,38.0,75,100.0
R1,2016,3,Jul-Sep,0.03,0.28,73,0.57,0.16,50.0,2.52,0.52,0.1,96.0,213,90.91
R1,2016,4,Oct-Dec,0.03,0.2,76,0.21,0.29,63.0,2.85,1.04,0.1,147.0,648,81.82
R2,2016,1,Jan-Mar,0.21,0.19,32,0.43,1.23,11.0,0.42,0.87,0.15,23.0,58,90.91
R2,2016,2,Apr-Jun,0.05,0.2,48,0.43,0.1,22.0,0.06,0.65,0.13,51.0,127,100.0
R2,2016,3,Jul-Sep,1.7,3.83,57,0.45,85.76,18.0,3.83,0.43,0.11,80.0,156,72.73
R2,2016,4,Oct-Dec,0.03,0.2,59,0.3,0.04,12.0,1.17,0.11,1.53,29.0,60,81.82
R3,2016,1,Jan-Mar,0.11,0.1,31,0.72,0.33,17.0,0.42,0.68,0.39,42.0,55,100.0
R3,2016,2,Apr-Jun,0.05,0.52,34,0.49,0.13,17.0,0.04,0.84,0.23,42.0,50,100.0
R3,2016,3,Jul-Sep,0.07,0.36,13,0.38,0.28,7.0,0.13,0.59,0.1,14.0,68,100.0
R3,2016,4,Oct-Dec,0.04,2.17,18,0.59,0.05,10.0,0.02,0.31,0.24,25.0,43,100.0
R4,2016,1,Jan-Mar,0.04,0.1,53,0.49,0.11,35.0,0.54,0.19,0.14,67.0,253,100.0
R4,2016,2,Apr-Jun,0.04,0.2,44,0.4,0.07,52.0,0.12,0.83,0.13,78.0,289,100.0
R4,2016,3,Jul-Sep,0.04,0.2,84,0.51,0.12,59.0,0.16,0.77,0.1,83.0,136,100.0
R4,2016,4,Oct-Dec,0.03,0.2,88,0.35,0.08,89.0,1.38,0.39,0.13,104.0,810,72.73
R5,2016,1,Jan-Mar,0.19,0.1,57,0.6,0.28,39.0,0.4,0.59,0.12,85.0,331,100.0
R5,2016,2,Apr-Jun,0.11,0.2,37,0.25,0.12,47.0,0.21,0.71,0.12,60.0,247,100.0
R5,2016,3,Jul-Sep,0.18,0.42,51,0.34,0.24,55.0,0.26,1.38,0.1,67.0,217,100.0
R5,2016,4,Oct-Dec,0.38,2.68,27,0.36,0.31,39.0,0.62,0.6,0.18,56.0,191,100.0
R6,2016,1,Jan-Mar,0.14,0.47,43,0.36,0.25,24.0,0.73,2.3,0.2,55.0,277,100.0
R6,2016,2,Apr-Jun,0.08,0.94,42,0.29,0.15,45.0,0.45,2.38,0.19,78.0,183,100.0
R6,2016,3,Jul-Sep,0.06,0.66,44,0.32,0.14,50.0,0.41,2.9,0.12,84.0,251,100.0
R6,2016,4,Oct-Dec,0.19,0.63,41,0.29,0.22,34.0,0.46,2.51,0.21,71.0,292,100.0
K1,2017,1,Jan-Mar,0.04,1.75,99,0.31,0.16,17.0,0.25,7.4,0.35,271.0,122,81.82
K1,2017,2,Apr-Jun,0.06,6.5,85,0.18,0.44,13.0,0.5,1.7,1.4,49.0,72,81.82
K1,2017,3,Jul-Sep,0.08,4.23,43,0.32,0.25,12.0,0.29,3.37,0.7,46.0,69,90.91
K1,2017,4,Oct-Dec,0.08,3.22,30,0.19,0.24,11.0,0.24,1.79,0.45,48.0,62,100.0
K10,2017,1,Jan-Mar,0.3,3.5,30,0.3,0.53,13.0,0.43,1.95,0.56,34.0,105,100.0
K10,2017,2,Apr-Jun,0.12,5.25,46,0.15,0.4,14.0,0.46,1.44,1.45,49.0,99,81.82
K10,2017,3,Jul-Sep,0.1,2.93,41,0.16,0.31,13.0,0.3,3.83,0.67,46.0,70,90.91
K10,2017,4,Oct-Dec,0.06,2.53,29,0.19,0.12,12.0,0.18,2.35,0.55,47.0,61,100.0
K11,2017,1,Jan-Mar,0.04,0.13,12,0.23,0.1,8.0,0.17,0.94,0.15,15.0,76,100.0
K11,2017,2,Apr-Jun,0.03,0.05,102,0.24,0.15,12.0,0.1,1.3,0.2,24.0,44,100.0
K11,2017,3,Jul-Sep,0.06,3.37,26,0.16,0.16,8.0,0.08,1.7,0.34,24.0,83,100.0
K11,2017,4,Oct-Dec,0.04,0.05,16,0.19,0.12,10.0,0.12,1.38,0.2,34.0,56,100.0
K14,2017,1,Jan-Mar,0.07,4.68,21,0.19,0.89,5.0,0.22,0.32,0.49,26.0,46,100.0
K14,2017,2,Apr-Jun,0.03,12.6,56,0.19,0.48,6.0,0.11,0.99,1.4,43.0,63,81.82
K14,2017,3,Jul-Sep,0.06,10.48,25,0.26,0.81,7.0,0.1,0.7,0.91,28.0,90,81.82
K14,2017,4,Oct-Dec,0.06,0.24,10,0.19,0.34,3.0,0.14,0.51,0.2,14.0,41,100.0
K18,2017,1,Jan-Mar,0.18,1.86,60,0.27,0.36,21.0,0.3,2.46,0.47,51.0,210,100.0
K18,2017,2,Apr-Jun,0.13,2.53,90,0.19,0.33,25.0,0.43,4.4,0.85,64.0,235,90.91
K18,2017,3,Jul-Sep,0.11,2.13,57,0.32,0.26,20.0,0.42,4.33,0.76,60.0,221,90.91
K18,2017,4,Oct-Dec,0.05,2.75,64,0.22,0.16,22.0,0.25,3.23,0.6,65.0,245,100.0
K19,2017,1,Jan-Mar,0.14,1.11,59,0.31,0.2,20.0,0.23,2.96,0.5,49.0,154,100.0
K19,2017,2,Apr-Jun,0.08,1.48,65,0.24,0.22,22.0,0.22,4.32,0.77,60.0,211,90.91
K19,2017,3,Jul-Sep,0.1,1,60,0.41,0.36,24.0,0.34,5.69,0.8,72.0,257,90.91
K19,2017,4,Oct-Dec,0.06,1.76,53,0.2,0.16,20.0,0.2,3.63,0.91,61.0,198,90.91
K21,2017,1,Jan-Mar,0.21,3.56,51,0.25,0.49,13.0,0.5,1.9,0.79,38.0,113,90.91
K21,2017,2,Apr-Jun,0.11,4.87,58,0.2,0.4,15.0,0.43,2.75,1.03,53.0,66,90.91
K21,2017,3,Jul-Sep,0.13,2.73,43,0.32,0.39,15.0,0.4,3.13,0.79,50.0,72,90.91
K21,2017,4,Oct-Dec,0.1,2.97,39,0.19,0.23,12.0,0.27,2.78,0.66,46.0,78,90.91
K25,2017,1,Jan-Mar,0.21,1.9,41,0.26,0.4,21.0,0.31,2.1,0.52,50.0,208,100.0
K25,2017,2,Apr-Jun,0.08,4.35,74,0.18,0.25,21.0,0.25,2.4,1.3,67.0,157,90.91
K25,2017,3,Jul-Sep,0.1,2.47,53,0.31,0.32,18.0,0.28,4.03,0.65,50.0,210,90.91
K25,2017,4,Oct-Dec,0.03,3.33,41,0.31,0.03,22.0,0.29,2.43,0.57,63.0,171,100.0
K3,2017,1,Jan-Mar,0.09,5.6,44,0.25,0.21,9.0,0.11,3.5,1.65,52.0,58,81.82
K3,2017,2,Apr-Jun,0.11,12.5,94,0.27,0.24,9.0,0.16,1.16,3.1,52.0,54,81.82
K3,2017,3,Jul-Sep,0.06,3.57,46,0.24,0.29,9.0,0.27,2.27,0.96,43.0,68,90.91
K3,2017,4,Oct-Dec,0.08,6.38,53,0.21,0.13,8.0,0.11,2.61,1.59,55.0,59,81.82
K4,2017,1,Jan-Mar,0.04,3.05,24,0.25,0.41,13.0,0.68,1.2,0.2,31.0,89,100.0
K4,2017,2,Apr-Jun,0.07,4.1,76,0.17,0.8,13.0,0.78,2.8,0.48,45.0,78,100.0
K4,2017,3,Jul-Sep,0.16,8.9,40,0.3,0.31,9.0,0.18,1.78,1.06,43.0,66,81.82
K4,2017,4,Oct-Dec,0.04,3.04,43,0.19,0.22,10.0,0.38,2.13,0.24,45.0,84,100.0
K5,2017,1,Jan-Mar,0.1,6.45,24,0.27,9.11,12.0,7.04,0.95,1.18,42.0,115,63.64
K5,2017,2,Apr-Jun,0.06,7.8,82,0.21,0.23,11.0,0.16,0.6,1.65,45.0,79,81.82
K5,2017,3,Jul-Sep,0.14,10.97,33,0.22,0.64,13.0,0.45,0.21,0.56,44.0,105,90.91
K5,2017,4,Oct-Dec,0.03,8.78,36,0.23,0.18,11.0,0.5,1.03,0.2,34.0,90,90.91
K6,2017,1,Jan-Mar,0.03,0.27,32,0.24,0.16,18.0,0.17,2.08,0.31,32.0,99,100.0
K6,2017,2,Apr-Jun,0.03,0.16,50,0.16,0.13,20.0,0.21,3.6,0.32,39.0,111,100.0
K6,2017,3,Jul-Sep,0.04,1.7,32,0.26,0.31,24.0,0.82,2.32,0.64,55.0,78,90.91
K6,2017,4,Oct-Dec,0.1,5.33,24,0.21,0.34,11.0,2.17,0.78,0.63,27.0,46,72.73
E17,2017,1,Jan-Mar,0.05,3.25,68,0.24,0.4,63.0,1.05,0.55,0.14,66.0,207,90.91
E17,2017,2,Apr-Jun,0.03,3.9,55,0.19,1.34,104.0,2.5,0.54,0.2,147.0,525,63.64
E17,2017,3,Jul-Sep,0.03,5.65,73,0.19,0.45,106.0,1.26,0.55,0.33,162.0,859,54.55
E17,2017,4,Oct-Dec,0.06,2.15,51,0.21,0.26,77.0,1.74,0.7,0.2,101.0,987,72.73
E2,2017,1,Jan-Mar,0.28,1.38,10,0.15,1.27,6.0,0.39,0.29,0.15,20.0,31,90.91
E2,2017,2,Apr-Jun,0.03,0.96,9,0.15,0.2,6.0,0.34,0.14,0.2,21.0,54,100.0
E2,2017,3,Jul-Sep,0.03,5.88,18,0.17,0.43,36.0,0.25,0.28,0.63,82.0,31,81.82
E2,2017,4,Oct-Dec,0.04,0.14,16,0.2,0.6,6.0,0.07,0.83,0.2,38.0,22,100.0
E7,2017,1,Jan-Mar,0.1,4.47,60,0.28,0.69,72.0,0.92,0.87,0.13,234.0,204,81.82
E7,2017,2,Apr-Jun,0.03,5,92,0.17,0.36,95.0,2.62,0.53,0.2,129.0,308,81.82
E7,2017,3,Jul-Sep,0.04,8.3,90,0.31,0.33,98.0,0.93,0.24,0.41,160.0,1138,63.64
E7,2017,4,Oct-Dec,0.07,1.88,47,0.19,0.3,67.0,0.98,1.01,0.2,88.0,1007,90.91
E8,2017,1,Jan-Mar,0.07,0.15,46,0.28,0.16,52.0,0.11,0.8,0.13,26.0,144,100.0
E8,2017,2,Apr-Jun,0.03,1.12,52,0.14,0.2,63.0,2.43,1.82,0.2,101.0,282,90.91
E8,2017,3,Jul-Sep,0.03,0.05,96,0.23,0.22,92.0,0.55,0.89,0.2,112.0,1087,81.82
E8,2017,4,Oct-Dec,0.05,0.4,55,0.26,0.14,35.0,0.29,1.23,0.2,52.0,270,100.0
N4,2017,1,Jan-Mar,0.17,0.25,72,0.29,1.28,30.0,3.82,0.99,0.13,30.0,128,81.82
N4,2017,2,Apr-Jun,0.32,0.39,97,0.14,2.34,45.0,6.3,0.98,0.2,30.0,282,81.82
N4,2017,3,Jul-Sep,0.22,0.52,86,0.26,1.68,37.0,5.62,0.46,0.2,28.0,342,81.82
N4,2017,4,Oct-Dec,0.55,0.79,37,0.21,5.59,31.0,7.19,0.79,0.2,20.0,307,72.73
N7,2017,1,Jan-Mar,0.08,2.02,28,0.24,0.1,16.0,1.37,0.9,0.14,21.0,122,90.91
N7,2017,2,Apr-Jun,0.25,2.8,32,0.32,0.69,49.0,2.89,0.91,0.2,62.0,149,90.91
N7,2017,3,Jul-Sep,0.05,3.03,31,0.23,0.69,17.0,2.15,0.62,0.33,24.0,174,90.91
N7,2017,4,Oct-Dec,0.05,2.35,26,0.66,0.39,14.0,1.82,0.63,0.2,20.0,160,90.91
N8,2017,1,Jan-Mar,0.07,0.32,53,0.26,0.2,32.0,0.29,2.32,0.16,60.0,290,100.0
N8,2017,2,Apr-Jun,0.04,0.85,77,0.21,0.29,40.0,0.35,2.8,0.19,80.0,424,100.0
N8,2017,3,Jul-Sep,0.05,1.3,59,0.31,0.42,47.0,0.48,3.27,0.21,91.0,325,100.0
N8,2017,4,Oct-Dec,0.05,1.37,63,0.23,0.23,36.0,0.64,3.29,0.2,74.0,487,100.0
R1,2017,1,Jan-Mar,0.03,0.05,41,0.46,0.1,26.0,0.15,0.59,0.2,66.0,310,100.0
R1,2017,2,Apr-Jun,0.03,0.05,49,0.15,0.03,64.0,0.16,2.67,0.2,175.0,943,81.82
R1,2017,3,Jul-Sep,0.03,0.67,128,0.26,0.02,95.0,0.27,2.69,0.2,547.0,852,72.73
R1,2017,4,Oct-Dec,0.05,0.06,158,0.19,0.01,80.0,0.46,6.65,0.2,245.0,1285,63.64
R2,2017,1,Jan-Mar,0.28,0.53,19,0.26,0.36,10.0,0.36,0.37,0.15,26.0,18,100.0
R2,2017,2,Apr-Jun,0.24,0.05,18,0.23,0.38,18.0,0.26,0.94,0.2,36.0,42,100.0
R2,2017,3,Jul-Sep,0.3,2.07,32,0.3,0.48,15.0,1.89,0.81,0.2,38.0,31,90.91
R2,2017,4,Oct-Dec,0.04,0.11,21,0.21,0.29,13.0,1.01,0.58,0.2,21.0,116,90.91
R3,2017,1,Jan-Mar,0.46,0.13,18,0.24,0.42,12.0,0.06,0.19,0.15,28.0,48,100.0
R3,2017,2,Apr-Jun,0.04,0.05,14,0.25,0.14,42.0,0.05,0.26,0.2,77.0,36,100.0
R3,2017,3,Jul-Sep,0.06,0.35,15,0.25,0.24,19.0,0.13,0.42,0.2,28.0,39,100.0
R3,2017,4,Oct-Dec,0.06,0.24,20,0.29,0.31,8.0,0.07,0.44,0.2,20.0,47,100.0
R4,2017,1,Jan-Mar,0.04,0.13,65,0.46,0.06,40.0,0.27,0.47,0.15,79.0,348,100.0
R4,2017,2,Apr-Jun,0.06,0.05,47,0.23,0.36,44.0,0.18,0.45,0.2,69.0,316,100.0
R4,2017,3,Jul-Sep,0.04,0.05,138,0.32,0.05,85.0,0.18,1.59,0.2,147.0,562,81.82
R4,2017,4,Oct-Dec,0.04,1.77,175,0.3,0.04,56.0,0.21,3.47,0.2,255.0,2063,81.82
R5,2017,1,Jan-Mar,0.15,0.15,50,0.35,0.16,42.0,0.1,0.89,0.16,81.0,331,100.0
R5,2017,2,Apr-Jun,0.19,0.21,124,0.21,0.19,63.0,0.13,1.55,0.2,93.0,594,90.91
R5,2017,3,Jul-Sep,0.08,0.23,80,0.32,0.11,52.0,0.19,1.81,0.2,204.0,309,90.91
R5,2017,4,Oct-Dec,0.06,1.5,82,0.27,0.24,57.0,0.69,1.09,0.22,104.0,462,100.0
R6,2017,1,Jan-Mar,0.11,0.15,43,0.32,0.2,33.0,0.18,1.92,0.16,63.0,297,100.0
R6,2017,2,Apr-Jun,0.09,0.27,87,0.21,0.29,46.0,0.27,3.91,0.19,83.0,512,90.91
R6,2017,3,Jul-Sep,0.07,0.26,68,0.28,0.25,43.0,0.37,3.73,0.2,85.0,351,100.0
R6,2017,4,Oct-Dec,0.1,0.32,67,0.23,0.19,40.0,0.53,3.72,0.2,78.0,524,90.91
K1,2018,1,Jan-Mar,0.13,1.55,38,0.19,0.24,12.0,0.27,2.9,0.58,40.0,73,100.0
K1,2018,2,Apr-Jun,0.05,1.13,46,0.19,0.11,13.0,0.25,4.65,0.39,43.0,74,100.0
K1,2018,3,Jul-Sep,0.05,2.31,42,0.19,0.17,12.0,0.28,3.83,0.58,46.0,62,100.0
K1,2018,4,Oct-Dec,0.03,4.18,35,0.39,0.11,14.0,0.19,2.38,1.05,62.0,52,90.91
K10,2018,1,Jan-Mar,0.26,0.26,38,0.19,0.37,13.0,0.23,4.05,0.62,43.0,71,90.91
K10,2018,2,Apr-Jun,0.08,0.37,45,0.19,0.47,11.0,0.15,4.85,0.38,30.0,73,100.0
K10,2018,3,Jul-Sep,0.14,1.47,42,0.19,0.22,13.0,0.28,4.7,0.63,47.0,64,90.91
K10,2018,4,Oct-Dec,0.05,1.66,44,0.46,0.12,12.0,0.3,3.94,0.62,49.0,68,90.91
K11,2018,1,Jan-Mar,0.16,0.17,18,0.19,0.19,9.0,0.08,0.77,0.2,18.0,80,100.0
K11,2018,2,Apr-Jun,0.03,0.11,30,0.19,0.2,13.0,0.16,3.5,0.2,28.0,105,100.0
K11,2018,3,Jul-Sep,0.05,0.35,31,0.19,0.12,14.0,0.11,3.4,0.17,30.0,117,100.0
K11,2018,4,Oct-Dec,0.03,6.23,23,0.26,0.12,6.0,0.07,0.59,0.29,20.0,50,90.91
K14,2018,1,Jan-Mar,0.03,0.61,16,0.22,0.26,4.0,0.07,0.39,0.21,19.0,26,100.0
K14,2018,2,Apr-Jun,0.04,0.08,17,0.19,0.19,3.0,0.05,0.44,0.18,14.0,12,100.0
K14,2018,3,Jul-Sep,0.03,0.09,19,0.19,0.14,5.0,0.03,0.89,0.18,17.0,33,100.0
K14,2018,4,Oct-Dec,0.03,4.39,21,0.28,0.25,8.0,0.15,0.5,0.49,30.0,40,100.0
K18,2018,1,Jan-Mar,0.13,0.76,48,0.22,0.23,19.0,0.19,3.8,0.49,60.0,184,100.0
K18,2018,2,Apr-Jun,0.11,1.05,52,0.19,0.24,22.0,0.24,4.38,0.51,60.0,185,100.0
K18,2018,3,Jul-Sep,0.08,2.47,57,0.2,0.2,20.0,0.34,4.45,0.66,61.0,183,90.91
K18,2018,4,Oct-Dec,0.04,4.16,54,0.48,0.15,16.0,0.33,3.61,0.65,59.0,145,90.91
K19,2018,1,Jan-Mar,0.13,0.57,50,0.23,0.23,18.0,0.18,4.55,0.52,59.0,135,100.0
K19,2018,2,Apr-Jun,0.1,0.58,55,0.19,0.2,22.0,0.27,5.17,0.47,59.0,200,100.0
K19,2018,3,Jul-Sep,0.05,1.87,61,0.22,0.12,20.0,0.27,4.46,0.7,64.0,175,90.91
K19,2018,4,Oct-Dec,0.03,2.79,47,0.48,0.07,16.0,0.18,2.47,0.98,61.0,103,90.91
K21,2018,1,Jan-Mar,0.13,0.76,38,0.22,0.25,14.0,0.18,3.69,0.59,48.0,70,100.0
K21,2018,2,Apr-Jun,0.16,0.67,44,0.19,0.25,13.0,0.29,5.0,0.42,44.0,76,100.0
K21,2018,3,Jul-Sep,0.07,2.27,44,0.19,0.13,13.0,0.23,4.2,0.62,50.0,66,90.91
K21,2018,4,Oct-Dec,0.06,3.63,43,0.45,0.19,14.0,0.29,4.37,0.83,62.0,68,90.91
K25,2018,1,Jan-Mar,0.26,0.63,50,0.19,0.45,20.0,0.33,3.6,0.62,61.0,215,90.91
K25,2018,2,Apr-Jun,0.09,1.32,57,0.19,0.14,22.0,0.15,4.45,0.52,61.0,213,100.0
K25,2018,3,Jul-Sep,0.08,2.6,57,0.21,0.18,19.0,0.34,4.13,0.7,63.0,170,90.91
K25,2018,4,Oct-Dec,0.03,3.59,55,0.62,0.1,17.0,0.26,4.3,0.73,59.0,135,90.91
K3,2018,1,Jan-Mar,0.09,12.5,54,0.38,0.21,10.0,0.16,1.8,2.55,57.0,60,81.82
K3,2018,2,Apr-Jun,0.06,7,65,0.19,0.21,11.0,0.18,4.7,1.75,61.0,60,81.82
K3,2018,3,Jul-Sep,0.05,18.33,64,0.19,0.19,11.0,0.2,0.99,1.83,60.0,61,81.82
K3,2018,4,Oct-Dec,0.04,21.83,57,0.56,0.29,15.0,0.24,2.91,3.7,66.0,55,81.82
K4,2018,1,Jan-Mar,0.04,2.15,37,0.19,0.29,12.0,0.29,1.95,0.31,41.0,76,100.0
K4,2018,2,Apr-Jun,0.08,1.95,41,0.19,0.14,15.0,0.44,2.65,0.2,43.0,79,100.0
K4,2018,3,Jul-Sep,0.03,2.17,39,0.19,0.17,13.0,0.38,2.43,0.17,42.0,67,100.0
K4,2018,4,Oct-Dec,0.03,3.3,47,0.4,0.06,18.0,0.41,3.5,0.37,51.0,84,100.0
K5,2018,1,Jan-Mar,0.08,6.8,30,0.21,0.49,14.0,0.76,0.81,0.2,31.0,82,90.91
K5,2018,2,Apr-Jun,0.05,9.15,38,0.19,0.03,17.0,0.87,0.62,0.2,38.0,120,90.91
K5,2018,3,Jul-Sep,0.11,10.07,36,0.19,0.8,16.0,1.21,0.44,0.25,39.0,85,81.82
K5,2018,4,Oct-Dec,0.03,10.03,39,0.29,0.23,12.0,0.09,4.92,0.57,42.0,54,90.91
K6,2018,1,Jan-Mar,0.03,1.15,26,0.23,0.23,15.0,0.42,1.24,0.35,31.0,61,100.0
K6,2018,2,Apr-Jun,0.11,2.58,32,0.19,0.23,16.0,0.38,1.88,0.45,33.0,74,100.0
K6,2018,3,Jul-Sep,0.06,2.73,32,0.19,0.18,16.0,0.38,2.03,0.5,46.0,71,100.0
K6,2018,4,Oct-Dec,0.03,4.12,30,0.31,0.17,16.0,0.56,1.79,0.44,35.0,79,100.0
E17,2018,1,Jan-Mar,0.03,2.06,64,0.18,0.18,58.0,0.5,0.76,0.2,73.0,898,90.91
E17,2018,2,Apr-Jun,0.13,0.88,92,0.19,0.12,80.0,1.05,2.73,0.18,97.0,1464,72.73
E17,2018,3,Jul-Sep,0.04,0.73,105,0.2,0.12,92.0,1.25,2.24,0.19,141.0,1952,72.73
E17,2018,4,Oct-Dec,0.03,0.6,62,1.54,0.21,59.0,0.59,1.28,0.25,83.0,1125,81.82
E2,2018,1,Jan-Mar,0.04,0.29,13,0.19,0.16,5.0,0.07,0.97,0.2,10.0,22,100.0
E2,2018,2,Apr-Jun,0.03,0.05,18,0.19,0.32,8.0,0.03,1.3,0.2,12.0,25,100.0
E2,2018,3,Jul-Sep,0.04,0.03,18,0.22,0.23,9.0,0.09,0.65,0.23,17.0,26,100.0
E2,2018,4,Oct-Dec,0.09,2.02,40,1.02,1.04,29.0,0.68,1.21,0.25,61.0,345,81.82
E7,2018,1,Jan-Mar,0.09,2.4,56,0.19,0.46,80.0,0.54,0.94,0.2,83.0,537,81.82
E7,2018,2,Apr-Jun,0.28,2.43,103,0.19,0.29,115.0,1.27,2.87,0.17,99.0,2090,72.73
E7,2018,3,Jul-Sep,0.04,2.67,84,0.19,0.16,104.0,1.06,2.57,0.17,162.0,1867,63.64
E7,2018,4,Oct-Dec,0.03,3.5,71,1.37,0.14,77.0,0.61,1.07,0.25,93.0,1653,72.73
E8,2018,1,Jan-Mar,0.03,0.05,32,0.21,0.05,45.0,0.18,0.81,0.2,80.0,303,100.0
E8,2018,2,Apr-Jun,0.1,0.13,48,0.22,0.05,38.0,0.22,0.5,0.17,43.0,442,100.0
E8,2018,3,Jul-Sep,0.08,0.17,132,0.22,0.03,93.0,3.03,0.84,0.17,112.0,1547,72.73
E8,2018,4,Oct-Dec,0.03,0.71,131,1.37,0.06,96.0,0.89,0.5,0.25,110.0,1597,72.73
N4,2018,1,Jan-Mar,0.32,0.43,70,0.18,0.46,35.0,2.04,1.2,0.2,22.0,174,90.91
N4,2018,2,Apr-Jun,0.86,0.52,91,0.21,2.36,39.0,6.54,1.14,0.17,25.0,425,72.73
N4,2018,3,Jul-Sep,0.19,0.73,81,0.22,1.59,44.0,2.05,1.42,0.17,34.0,393,81.82
N4,2018,4,Oct-Dec,0.05,0.22,109,0.53,0.86,38.0,2.95,0.7,0.25,27.0,498,90.91
N7,2018,1,Jan-Mar,0.29,2.98,32,0.19,0.34,23.0,0.45,0.61,0.2,37.0,260,100.0
N7,2018,2,Apr-Jun,0.04,2.85,35,0.22,0.25,17.0,0.95,0.61,0.18,24.0,158,100.0
N7,2018,3,Jul-Sep,0.04,2.92,33,0.21,0.38,15.0,1.15,0.56,0.19,24.0,108,90.91
N7,2018,4,Oct-Dec,0.03,1.82,27,0.42,0.3,12.0,0.74,0.7,0.25,18.0,95,100.0
N8,2018,1,Jan-Mar,0.07,0.6,65,0.26,0.23,29.0,0.38,2.93,0.79,70.0,335,90.91
N8,2018,2,Apr-Jun,0.04,1.12,72,0.21,0.27,44.0,0.41,3.69,0.21,77.0,569,90.91
N8,2018,3,Jul-Sep,0.04,2.01,88,0.24,0.34,38.0,0.41,2.95,0.26,75.0,599,90.91
N8,2018,4,Oct-Dec,0.04,1.61,67,0.84,0.3,28.0,0.51,3.93,0.28,68.0,385,100.0
R1,2018,1,Jan-Mar,0.23,3.55,114,0.27,0.05,92.0,0.07,3.08,0.2,212.0,1516,72.73
R1,2018,2,Apr-Jun,2.04,14.97,163,0.37,0.06,112.0,0.44,2.48,0.2,252.0,1937,54.55
R1,2018,3,Jul-Sep,0.53,6.55,165,0.36,0.03,70.0,2.04,3.83,0.22,145.0,2177,63.64
R1,2018,4,Oct-Dec,0.43,6.2,168,4.03,0.01,105.0,6.57,3.9,0.25,201.0,2167,45.45
R2,2018,1,Jan-Mar,0.11,0.07,60,0.24,0.18,41.0,0.51,1.43,0.2,30.0,623,90.91
R2,2018,2,Apr-Jun,0.11,0.08,37,0.24,0.25,15.0,0.11,1.59,0.2,36.0,47,100.0
R2,2018,3,Jul-Sep,0.1,1.76,46,0.29,0.38,13.0,1.23,3.0,0.22,43.0,28,90.91
R2,2018,4,Oct-Dec,0.25,3.87,53,0.86,0.21,32.0,0.17,2.2,0.25,315.0,349,90.91
R3,2018,1,Jan-Mar,0.13,1.07,17,0.35,0.34,9.0,0.17,0.47,0.2,23.0,24,100.0
R3,2018,2,Apr-Jun,0.05,0.12,34,0.3,0.16,17.0,0.11,0.5,0.2,37.0,71,100.0
R3,2018,3,Jul-Sep,0.04,0.04,22,0.27,0.14,9.0,0.07,0.51,0.22,21.0,47,100.0
R3,2018,4,Oct-Dec,0.07,0.09,14,0.47,0.2,7.0,0.08,0.77,0.25,14.0,35,100.0
R4,2018,1,Jan-Mar,0.06,0.05,145,0.39,0.08,64.0,0.17,2.53,0.2,198.0,1447,81.82
R4,2018,2,Apr-Jun,0.03,0.05,113,0.27,0.02,70.0,0.07,5.8,0.2,215.0,947,81.82
R4,2018,3,Jul-Sep,0.08,0.04,138,0.37,0.06,77.0,0.25,1.41,0.22,90.0,990,81.82
R4,2018,4,Oct-Dec,0.15,0.4,122,1.88,0.39,70.0,0.44,0.5,0.25,93.0,737,81.82
R5,2018,1,Jan-Mar,0.13,0.39,89,0.31,0.15,52.0,0.22,2.4,0.18,130.0,966,90.91
R5,2018,2,Apr-Jun,0.1,0.2,104,0.25,0.12,60.0,0.13,3.16,0.18,122.0,928,90.91
R5,2018,3,Jul-Sep,0.07,0.25,117,0.28,0.08,67.0,0.14,2.08,0.18,87.0,783,90.91
R5,2018,4,Oct-Dec,0.04,1.32,74,0.58,0.07,48.0,0.46,1.34,0.28,64.0,341,100.0
R6,2018,1,Jan-Mar,0.08,0.12,64,0.27,0.22,32.0,0.23,3.56,0.2,74.0,373,100.0
R6,2018,2,Apr-Jun,0.05,0.69,69,0.22,0.15,44.0,0.31,3.15,0.21,77.0,530,90.91
R6,2018,3,Jul-Sep,0.04,0.98,84,0.24,0.21,39.0,0.43,3.15,0.24,73.0,571,90.91
R6,2018,4,Oct-Dec,0.04,0.57,62,0.83,0.13,27.0,0.44,3.99,0.26,69.0,337,100.0
K1,2019,1,Jan-Mar,0.05,0.06,36,0.55,0.14,9.0,0.32,4.0,0.61,31.0,75,90.91
K1,2019,2,Apr-Jun,0.04,2.93,41,0.63,0.09,12.0,0.33,3.7,0.72,44.0,66,90.91
K1,2019,3,Jul-Sep,0.07,4.7,45,0.55,0.2,11.0,0.41,3.8,0.81,49.0,63,90.91
K1,2019,4,Oct-Dec,0.07,3.35,41,0.7,0.14,11.0,0.33,2.15,0.84,45.0,72,90.91
K10,2019,1,Jan-Mar,0.04,0.18,35,1.09,0.06,11.0,0.12,3.5,0.52,32.0,75,90.91
K10,2019,2,Apr-Jun,0.05,7.71,40,0.62,0.11,12.0,0.26,4.43,0.85,45.0,67,81.82
K10,2019,3,Jul-Sep,0.05,3.81,44,0.58,0.11,12.0,0.32,4.23,0.74,50.0,67,90.91
K10,2019,4,Oct-Dec,0.06,3.15,43,0.87,0.1,11.0,0.07,2.4,0.84,46.0,79,90.91
K11,2019,1,Jan-Mar,0.22,6.65,30,0.42,0.57,10.0,0.36,0.5,0.25,34.0,53,90.91
K11,2019,2,Apr-Jun,0.04,0.16,28,0.23,0.35,7.0,0.31,1.67,0.25,34.0,14,100.0
K11,2019,3,Jul-Sep,0.04,5.5,35,0.37,0.32,10.0,0.53,0.63,0.42,40.0,51,90.91
K11,2019,4,Oct-Dec,0.03,1.77,28,0.66,0.11,7.0,0.06,1.55,0.68,33.0,51,90.91
K14,2019,1,Jan-Mar,0.04,1.3,20,0.27,0.21,7.0,0.33,0.54,0.25,24.0,23,100.0
K14,2019,2,Apr-Jun,0.03,8.78,30,0.37,0.39,6.0,0.31,1.75,0.63,32.0,20,81.82
K14,2019,3,Jul-Sep,0.03,0.87,16,0.21,0.12,3.0,0.04,0.5,0.34,18.0,13,100.0
K14,2019,4,Oct-Dec,0.04,0.34,15,0.32,0.22,6.0,0.22,0.5,0.36,22.0,46,100.0
K18,2019,1,Jan-Mar,0.03,1.39,43,0.79,0.05,20.0,0.12,3.34,0.58,48.0,165,100.0
K18,2019,2,Apr-Jun,0.05,2.95,51,0.91,0.11,20.0,0.3,4.23,0.49,57.0,157,100.0
K18,2019,3,Jul-Sep,0.05,5.44,55,0.96,0.16,22.0,0.46,2.93,0.74,66.0,186,81.82
K18,2019,4,Oct-Dec,0.06,5.04,52,1.05,0.08,19.0,0.18,1.31,0.9,62.0,181,72.73
K19,2019,1,Jan-Mar,0.03,1.52,42,0.7,0.07,17.0,0.15,3.27,0.6,45.0,146,100.0
K19,2019,2,Apr-Jun,0.07,2.34,50,0.88,0.11,20.0,0.3,3.82,0.52,54.0,160,100.0
K19,2019,3,Jul-Sep,0.04,5.17,57,0.97,0.13,22.0,0.44,2.75,0.89,67.0,183,81.82
K19,2019,4,Oct-Dec,0.07,5.51,55,0.95,0.09,18.0,0.27,2.15,0.87,63.0,150,81.82
K21,2019,1,Jan-Mar,0.08,1.14,36,0.55,0.16,11.0,0.26,4.23,0.61,34.0,79,90.91
K21,2019,2,Apr-Jun,0.07,2.61,44,0.63,0.15,13.0,0.27,4.39,0.56,46.0,71,100.0
K21,2019,3,Jul-Sep,0.05,6.86,45,0.64,0.15,12.0,0.28,3.31,0.77,50.0,64,81.82
K21,2019,4,Oct-Dec,0.05,5.61,42,0.96,0.2,15.0,0.36,2.06,0.76,50.0,149,81.82
K25,2019,1,Jan-Mar,0.05,0.11,43,0.9,0.13,15.0,0.18,3.15,0.45,44.0,168,100.0
K25,2019,2,Apr-Jun,1.35,3.87,49,0.88,0.08,19.0,0.28,3.83,0.47,58.0,155,90.91
K25,2019,3,Jul-Sep,0.03,4.93,48,0.79,0.1,17.0,0.43,2.88,0.49,62.0,145,100.0
K25,2019,4,Oct-Dec,0.14,2.35,55,1.17,0.11,19.0,0.28,2.05,0.74,60.0,193,81.82
K3,2019,1,Jan-Mar,0.26,7.52,50,0.67,0.51,7.0,0.14,1.6,1.33,25.0,63,81.82
K3,2019,2,Apr-Jun,0.03,14.03,50,0.75,0.13,11.0,0.4,1.18,1.55,51.0,70,81.82
K3,2019,3,Jul-Sep,0.03,17.43,52,0.56,0.15,12.0,0.27,0.5,0.79,60.0,63,81.82
K3,2019,4,Oct-Dec,0.07,8.55,50,0.9,0.09,10.0,0.26,0.75,1.6,52.0,63,81.82
K4,2019,1,Jan-Mar,0.26,0.07,32,0.6,0.11,8.0,0.24,2.0,0.25,19.0,78,100.0
K4,2019,2,Apr-Jun,0.03,6.8,44,0.58,0.08,11.0,0.34,2.53,0.57,48.0,63,90.91
K4,2019,3,Jul-Sep,0.03,2.4,45,0.49,0.12,11.0,0.36,2.87,0.29,49.0,73,100.0
K4,2019,4,Oct-Dec,0.07,7.15,43,0.92,0.22,10.0,0.08,0.72,1.37,44.0,70,81.82
K5,2019,1,Jan-Mar,0.26,3.07,25,0.54,0.52,8.0,0.22,0.73,0.25,15.0,93,100.0
K5,2019,2,Apr-Jun,0.04,8.77,32,0.58,0.36,13.0,0.48,0.7,0.25,35.0,87,90.91
K5,2019,3,Jul-Sep,0.03,6.5,33,0.44,0.3,13.0,0.66,0.57,0.36,32.0,80,90.91
K5,2019,4,Oct-Dec,0.04,8.5,48,0.81,0.52,10.0,0.28,0.5,1.33,44.0,63,81.82
K6,2019,1,Jan-Mar,0.03,0.58,25,0.45,0.12,12.0,0.18,2.22,0.31,37.0,60,100.0
K6,2019,2,Apr-Jun,0.03,1.48,34,0.54,0.09,16.0,0.24,3.32,0.32,38.0,72,100.0
K6,2019,3,Jul-Sep,0.03,2.34,34,0.47,0.13,17.0,0.47,2.06,0.35,41.0,68,100.0
K6,2019,4,Oct-Dec,0.06,3.36,29,0.56,0.14,15.0,1.09,0.74,0.55,39.0,62,90.91
E17,2019,1,Jan-Mar,0.03,0.87,60,3.25,0.12,81.0,0.86,1.7,0.25,98.0,1282,72.73
E17,2019,2,Apr-Jun,0.03,0.65,59,3.53,0.21,85.0,0.53,1.02,0.25,99.0,636,72.73
E17,2019,3,Jul-Sep,0.03,5.18,71,4.92,0.13,182.0,2.26,0.92,0.63,218.0,1464,36.36
E17,2019,4,Oct-Dec,0.36,3.68,67,4.78,0.37,81.0,1.28,0.65,0.4,85.0,1312,63.64
E2,2019,1,Jan-Mar,0.03,0.17,18,0.33,0.21,9.0,0.18,0.93,0.33,14.0,25,100.0
E2,2019,2,Apr-Jun,0.13,2.47,31,1.8,0.3,52.0,0.26,0.94,0.27,61.0,577,81.82
E2,2019,3,Jul-Sep,0.03,2.36,23,0.38,0.31,9.0,0.09,0.92,0.25,16.0,20,100.0
E2,2019,4,Oct-Dec,0.04,1.73,21,0.37,0.34,7.0,0.43,0.5,0.25,18.0,26,100.0
E7,2019,1,Jan-Mar,0.16,1.94,51,2.13,0.69,74.0,1.13,1.73,0.25,87.0,1170,63.64
E7,2019,2,Apr-Jun,0.05,1.53,63,4.27,0.13,116.0,1.05,2.63,48.5,293.0,457,54.55
E7,2019,3,Jul-Sep,0.03,1.27,71,5,0.21,135.0,1.33,1.53,0.25,153.0,1291,54.55
E7,2019,4,Oct-Dec,0.19,2.5,67,2.83,0.23,117.0,1.48,1.27,0.25,108.0,1710,63.64
E8,2019,1,Jan-Mar,0.04,1.11,33,0.8,0.07,21.0,0.4,0.54,0.25,40.0,222,100.0
E8,2019,2,Apr-Jun,0.03,0.29,54,1.57,0.15,71.0,0.49,0.58,0.25,59.0,182,81.82
E8,2019,3,Jul-Sep,0.03,0.77,117,3.33,0.04,148.0,4.34,0.5,0.25,137.0,1185,63.64
E8,2019,4,Oct-Dec,0.08,3.49,94,1.8,0.08,61.0,2.36,0.5,0.25,72.0,453,81.82
N4,2019,1,Jan-Mar,0.03,0.54,49,0.65,0.38,24.0,0.26,1.18,0.25,43.0,215,100.0
N4,2019,2,Apr-Jun,0.36,0.38,84,0.92,1.17,32.0,0.49,2.27,0.25,30.0,307,90.91
N4,2019,3,Jul-Sep,0.03,1.52,91,0.97,0.21,35.0,4.78,6.33,0.37,46.0,242,81.82
N4,2019,4,Oct-Dec,0.1,2.53,101,1.32,1.2,42.0,4.13,1.22,0.25,36.0,380,72.73
N7,2019,1,Jan-Mar,0.03,1.4,30,0.56,0.25,13.0,0.27,1.31,0.63,23.0,109,90.91
N7,2019,2,Apr-Jun,0.03,2.22,30,0.58,0.14,14.0,0.65,1.08,0.25,21.0,107,100.0
N7,2019,3,Jul-Sep,0.03,6.7,36,0.62,0.28,16.0,1.81,0.81,0.27,32.0,86,81.82
N7,2019,4,Oct-Dec,0.07,2.27,37,0.71,0.46,16.0,0.59,0.65,0.25,27.0,108,100.0
N8,2019,1,Jan-Mar,0.04,0.71,45,0.98,0.19,23.0,0.29,2.71,0.31,48.0,298,100.0
N8,2019,2,Apr-Jun,0.03,1.32,58,1.58,0.17,31.0,0.33,4.22,0.25,61.0,415,90.91
N8,2019,3,Jul-Sep,0.04,4.03,61,1.85,0.21,40.0,0.56,2.32,0.39,81.0,515,81.82
N8,2019,4,Oct-Dec,0.13,2.34,60,1.93,0.1,39.0,0.74,2.38,0.37,78.0,485,90.91
R1,2019,1,Jan-Mar,0.2,0.58,104,3.33,0.04,67.0,0.31,3.17,0.63,52.0,1383,72.73
R1,2019,2,Apr-Jun,0.09,0.05,65,1.91,0.12,20.0,0.37,1.08,0.25,49.0,601,81.82
R1,2019,3,Jul-Sep,0.03,0.02,73,3.15,0.03,42.0,0.11,0.5,0.25,97.0,655,81.82
R1,2019,4,Oct-Dec,0.35,3.39,92,4,0.03,70.0,0.5,0.5,0.77,115.0,1060,72.73
R2,2019,1,Jan-Mar,0.04,0.04,26,0.47,0.13,9.0,0.2,1.42,0.25,26.0,36,100.0
R2,2019,2,Apr-Jun,0.12,0.38,39,1.1,0.17,36.0,0.3,1.03,0.25,53.0,252,90.91
R2,2019,3,Jul-Sep,0.07,0.55,53,0.59,0.31,15.0,0.89,2.23,0.26,43.0,29,100.0
R2,2019,4,Oct-Dec,0.27,1.7,135,1.49,0.16,16.0,0.84,0.58,0.25,76.0,323,90.91
R3,2019,1,Jan-Mar,0.03,0.02,35,0.71,0.14,15.0,0.05,0.5,0.25,35.0,76,100.0
R3,2019,2,Apr-Jun,0.11,0.04,26,0.61,0.16,11.0,0.03,0.58,0.25,27.0,57,100.0
R3,2019,3,Jul-Sep,0.04,0.04,16,0.43,0.2,9.0,0.08,0.54,0.25,17.0,28,100.0
R3,2019,4,Oct-Dec,0.07,5.72,14,0.6,0.28,8.0,0.13,0.51,0.73,17.0,36,81.82
R4,2019,1,Jan-Mar,0.03,0.03,72,1.63,0.02,41.0,0.25,0.5,0.25,89.0,520,81.82
R4,2019,2,Apr-Jun,0.03,0.04,79,1.57,0.02,50.0,0.07,0.87,0.25,78.0,495,90.91
R4,2019,3,Jul-Sep,0.03,7.75,115,2.6,0.03,70.0,0.1,0.54,0.93,203.0,623,54.55
R4,2019,4,Oct-Dec,0.31,3.83,144,3.07,0.03,80.0,0.37,0.5,0.67,115.0,987,63.64
R5,2019,1,Jan-Mar,0.1,0.33,52,1.14,0.09,31.0,0.12,1.07,0.25,61.0,381,90.91
R5,2019,2,Apr-Jun,0.04,0.2,68,1.28,0.06,43.0,0.08,1.23,0.25,66.0,373,90.91
R5,2019,3,Jul-Sep,0.04,1.34,78,1.07,0.06,54.0,0.28,1.26,0.27,65.0,341,90.91
R5,2019,4,Oct-Dec,0.55,0.95,89,1.27,0.05,48.0,0.36,0.7,0.28,66.0,324,81.82
R6,2019,1,Jan-Mar,0.09,0.19,48,1.11,0.12,24.0,0.17,2.88,0.26,45.0,320,90.91
R6,2019,2,Apr-Jun,0.08,1.21,58,1.31,0.19,31.0,0.22,4.26,0.34,58.0,413,90.91
R6,2019,3,Jul-Sep,0.03,2.87,63,1.81,0.11,41.0,0.6,2.69,0.39,76.0,494,90.91
R6,2019,4,Oct-Dec,0.13,3.04,62,1.94,0.1,37.0,0.97,2.9,0.67,73.0,488,81.82
K1,2020,1,Jan-Mar,0.03,6.3,36,0.35,0.12,13.0,0.48,1.42,1.41,37.0,72,81.82
K1,2020,2,Apr-Jun,0,0,0,0,0.0,0.0,0.0,0.0,0,0.0,0,0.0
K1,2020,3,Jul-Sep,0.03,5.97,47,0.32,0.16,13.0,0.29,2.73,0.69,49.0,59,81.82
K1,2020,4,Oct-Dec,0.06,3.8,34,0.58,0.16,11.0,0.73,4.89,2.03,37.0,84,90.91
K10,2020,1,Jan-Mar,0.06,4.6,35,0.34,0.14,13.0,0.45,2.63,1.23,34.0,73,90.91
K10,2020,2,Apr-Jun,0,0,0,0,0.0,0.0,0.0,0.0,0,0.0,0,0.0
K10,2020,3,Jul-Sep,0.03,4.02,47,0.31,0.11,14.0,0.17,3.3,0.54,48.0,59,100.0
K10,2020,4,Oct-Dec,0.23,3.9,34,0.62,0.24,13.0,0.46,3.75,1.8,38.0,84,90.91
K11,2020,1,Jan-Mar,0.04,1.61,25,0.27,0.17,10.0,0.27,1.13,0.42,29.0,29,100.0
K11,2020,2,Apr-Jun,0,0,0,0,0.0,0.0,0.0,0.0,0,0.0,0,0.0
K11,2020,3,Jul-Sep,0.03,2.24,34,0.25,0.14,12.0,0.05,1.78,0.37,30.0,74,100.0
K11,2020,4,Oct-Dec,0.05,3.26,26,0.47,0.5,11.0,0.47,0.54,0.62,34.0,62,90.91
K14,2020,1,Jan-Mar,0.03,1.1,29,0.26,0.25,8.0,0.13,0.93,0.7,24.0,41,90.91
K14,2020,2,Apr-Jun,0,0,0,0,0.0,0.0,0.0,0.0,0,0.0,0,0.0
K14,2020,3,Jul-Sep,0.03,3.92,33,0.21,0.45,8.0,0.21,1.44,0.39,31.0,32,100.0
K14,2020,4,Oct-Dec,0.06,2.81,22,0.38,0.5,13.0,0.35,2.56,1.42,25.0,20,90.91
K18,2020,1,Jan-Mar,0.04,3.5,50,0.51,0.09,18.0,0.34,3.02,1.18,46.0,127,90.91
K18,2020,2,Apr-Jun,0,0,0,0,0.0,0.0,0.0,0.0,0,0.0,0,0.0
K18,2020,3,Jul-Sep,0.03,4.57,53,0.31,0.13,21.0,0.16,3.23,0.62,63.0,136,90.91
K18,2020,4,Oct-Dec,0.06,4.02,46,0.78,0.48,20.0,0.4,2.82,1.52,60.0,141,90.91
K19,2020,1,Jan-Mar,0.06,3.53,46,0.5,0.13,17.0,0.26,2.49,1.03,45.0,141,90.91
K19,2020,2,Apr-Jun,0.1,2.71,51,0.71,0.19,21.0,0.07,4.35,0.63,49.0,141,90.91
K19,2020,3,Jul-Sep,0.04,3.73,58,0.41,0.11,23.0,0.14,5.32,0.6,66.0,126,100.0
K19,2020,4,Oct-Dec,0.21,4.73,52,0.84,0.36,18.0,0.15,2.77,1.85,56.0,146,90.91
K21,2020,1,Jan-Mar,0.05,4.73,34,0.36,0.21,14.0,0.26,1.78,0.98,41.0,71,90.91
K21,2020,2,Apr-Jun,0,0,0,0,0.0,0.0,0.0,0.0,0,0.0,0,0.0
K21,2020,3,Jul-Sep,0.04,5.96,51,0.33,0.19,13.0,0.24,2.36,0.75,49.0,64,81.82
K21,2020,4,Oct-Dec,0.28,6.41,38,0.58,0.37,12.0,0.26,2.63,1.98,42.0,75,81.82
K25,2020,1,Jan-Mar,0.07,3.9,46,0.43,0.11,16.0,0.34,4.1,0.93,37.0,142,90.91
K25,2020,2,Apr-Jun,0,0,0,0,0.0,0.0,0.0,0.0,0,0.0,0,0.0
K25,2020,3,Jul-Sep,0.05,9.93,56,0.41,0.25,21.0,0.36,3.03,0.96,62.0,148,81.82
K25,2020,4,Oct-Dec,0.06,3.1,44,0.79,0.14,19.0,0.49,4.41,1.5,53.0,163,90.91
K3,2020,1,Jan-Mar,0.06,10.9,36,0.32,0.13,11.0,0.42,0.65,1.42,24.0,81,81.82
K3,2020,2,Apr-Jun,0,0,0,0,0.0,0.0,0.0,0.0,0,0.0,0,0.0
K3,2020,3,Jul-Sep,0.03,13.03,53,0.39,0.16,10.0,0.25,0.5,1.16,55.0,60,81.82
K3,2020,4,Oct-Dec,0.05,15.67,47,0.69,0.19,9.0,0.19,0.5,3.07,52.0,58,81.82
K4,2020,1,Jan-Mar,0.03,21,49,0.39,0.13,10.0,0.14,0.5,2.54,36.0,61,81.82
K4,2020,2,Apr-Jun,0,0,0,0,0.0,0.0,0.0,0.0,0,0.0,0,0.0
K4,2020,3,Jul-Sep,0.03,6.73,60,0.31,0.44,13.0,0.54,1.53,0.77,45.0,167,81.82
K4,2020,4,Oct-Dec,0.27,3.4,30,0.64,0.48,12.0,0.38,0.62,1.87,33.0,85,90.91
K5,2020,1,Jan-Mar,0.08,4.17,32,0.34,0.45,13.0,0.17,0.88,0.25,25.0,99,100.0
K5,2020,2,Apr-Jun,0,0,0,0,0.0,0.0,0.0,0.0,0,0.0,0,0.0
K5,2020,3,Jul-Sep,0.03,9.17,40,0.3,0.33,15.0,0.49,0.5,0.56,41.0,67,90.91
K5,2020,4,Oct-Dec,0.05,9.53,36,0.7,0.26,11.0,0.36,0.5,1.32,40.0,65,81.82
K6,2020,1,Jan-Mar,0.03,3.12,29,0.29,0.12,15.0,0.42,0.57,0.73,37.0,49,90.91
K6,2020,2,Apr-Jun,0,0,0,0,0.0,0.0,0.0,0.0,0,0.0,0,0.0
K6,2020,3,Jul-Sep,0.03,8.58,39,0.26,0.2,20.0,0.24,0.5,0.58,50.0,59,90.91
K6,2020,4,Oct-Dec,0.05,5.46,30,0.58,0.18,14.0,0.34,0.64,2.1,40.0,78,81.82
E17,2020,1,Jan-Mar,0.04,1.71,53,0.99,0.18,54.0,0.44,0.5,0.25,65.0,542,90.91
E17,2020,2,Apr-Jun,0,0,0,0,0.0,0.0,0.0,0.0,0,0.0,0,0.0
E17,2020,3,Jul-Sep,0.03,5.54,58,0.68,0.11,100.0,0.31,0.5,1.04,432.0,750,54.55
E17,2020,4,Oct-Dec,0.05,8,80,1.29,0.3,18.0,0.61,0.5,0.61,78.0,1228,63.64
E2,2020,1,Jan-Mar,0.03,0.13,35,0.25,0.1,6.0,0.18,1.17,0.3,14.0,143,100.0
E2,2020,2,Apr-Jun,0,0,0,0,0.0,0.0,0.0,0.0,0,0.0,0,0.0
E2,2020,3,Jul-Sep,0.03,4.06,80,1.55,0.18,10.0,0.01,4.2,1.08,22.0,272,81.82
E2,2020,4,Oct-Dec,0.05,0.33,20,0.34,0.4,9.0,0.37,1.18,0.17,19.0,32,100.0
E7,2020,1,Jan-Mar,0.04,3.39,56,1.07,0.13,50.0,0.41,0.82,0.25,78.0,1153,81.82
E7,2020,2,Apr-Jun,0,0,0,0,0.0,0.0,0.0,0.0,0,0.0,0,0.0
E7,2020,3,Jul-Sep,0.03,7.9,95,0.2,0.46,275.0,3.66,0.5,0.35,1930.0,1740,54.55
E7,2020,4,Oct-Dec,0.05,2.23,35,0.55,0.36,30.0,0.003,0.9,0.13,55.0,329,100.0
E8,2020,1,Jan-Mar,0.11,2.25,36,0.38,0.23,14.0,0.34,0.73,0.53,33.0,688,90.91
E8,2020,2,Apr-Jun,0,0,0,0,0.0,0.0,0.0,0.0,0,0.0,0,0.0
E8,2020,3,Jul-Sep,0.03,0.36,100,0.25,0.01,275.0,3.37,0.5,0.25,1980.0,880,63.64
E8,2020,4,Oct-Dec,0.05,0.24,66,1.4,0.09,32.0,4.69,0.73,0.53,61.0,640,72.73
N4,2020,1,Jan-Mar,0.06,0.1,62,0.44,0.42,22.0,0.35,1.9,0.25,27.0,278,100.0
N4,2020,2,Apr-Jun,0,0,0,0,0.0,0.0,0.0,0.0,0,0.0,0,0.0
N4,2020,3,Jul-Sep,0.03,0.16,93,0.36,0.01,25.0,0.2,3.7,0.25,37.0,185,100.0
N4,2020,4,Oct-Dec,0,0.14,56,0.29,0.0,0.0,0.0,2.5,0.1,0.0,205,54.55
N7,2020,1,Jan-Mar,0.03,2.38,36,0.36,0.13,15.0,0.27,0.86,0.25,25.0,100,100.0
N7,2020,2,Apr-Jun,0,0,0,0,0.0,0.0,0.0,0.0,0,0.0,0,0.0
N7,2020,3,Jul-Sep,0.03,2.07,104,0.66,0.19,17.0,0.6,3.13,0.68,32.0,123,90.91
N7,2020,4,Oct-Dec,0.15,3.7,28,0.4,0.19,13.0,0.46,0.83,0.13,24.0,178,100.0
N8,2020,1,Jan-Mar,0.06,1.89,50,0.59,0.21,31.0,0.39,2.15,0.45,60.0,319,100.0
N8,2020,2,Apr-Jun,0,0,0,0,0.0,0.0,0.0,0.0,0,0.0,0,0.0
N8,2020,3,Jul-Sep,0.04,5.36,69,0.5,0.22,45.0,0.39,2.65,0.44,88.0,379,90.91
N8,2020,4,Oct-Dec,0.06,3.73,61,1.24,0.33,26.0,0.54,2.57,1.44,61.0,377,81.82
R1,2020,1,Jan-Mar,0.04,0.25,83,1.62,0.03,52.0,0.2,0.5,0.25,74.0,367,90.91
R1,2020,2,Apr-Jun,0,0,0,0,0.0,0.0,0.0,0.0,0,0.0,0,0.0
R1,2020,3,Jul-Sep,0.03,0.12,92,1.16,0.03,36.0,0.43,17.75,0.25,78.0,230,81.82
R1,2020,4,Oct-Dec,0.06,0.34,106,2.42,0.03,140.0,0.49,0.5,0.23,97.0,795,72.73
R2,2020,1,Jan-Mar,0.04,4.05,127,0.44,0.17,12.0,0.65,1.46,0.25,57.0,54,100.0
R2,2020,2,Apr-Jun,0,0,0,0,0.0,0.0,0.0,0.0,0,0.0,0,0.0
R2,2020,3,Jul-Sep,0.04,2.91,74,0.92,0.12,16.0,0.12,4.3,0.25,60.0,65,100.0
R2,2020,4,Oct-Dec,0.08,1.36,35,0.55,0.27,16.0,0.5,0.74,0.62,46.0,42,90.91
R3,2020,1,Jan-Mar,0.06,0.05,44,0.73,0.11,18.0,0.05,0.5,0.25,46.0,74,100.0
R3,2020,2,Apr-Jun,0,0,0,0,0.0,0.0,0.0,0.0,0,0.0,0,0.0
R3,2020,3,Jul-Sep,0.04,0.05,34,0.83,0.1,14.0,0.01,0.85,0.25,33.0,66,100.0
R3,2020,4,Oct-Dec,0.09,0.14,18,0.39,0.1,6.0,0.003,1.25,0.2,12.0,42,100.0
R4,2020,1,Jan-Mar,0.06,0.11,86,0.74,0.07,46.0,0.11,0.5,0.25,80.0,450,100.0
R4,2020,2,Apr-Jun,0,0,0,0,0.0,0.0,0.0,0.0,0,0.0,0,0.0
R4,2020,3,Jul-Sep,0.03,0.19,165,3.4,0.01,77.0,0.13,2.42,0.25,101.0,840,72.73
R4,2020,4,Oct-Dec,0.09,0.33,121,1.72,0.08,87.0,0.04,0.69,0.13,11.0,615,72.73
R5,2020,1,Jan-Mar,0.06,1.51,58,0.65,0.11,39.0,0.22,0.61,0.48,60.0,286,100.0
R5,2020,2,Apr-Jun,0,0,0,0,0.0,0.0,0.0,0.0,0,0.0,0,0.0
R5,2020,3,Jul-Sep,0.04,2.83,81,0.42,0.09,59.0,0.24,1.17,0.34,82.0,356,100.0
R5,2020,4,Oct-Dec,0.12,1.33,67,1.07,0.15,30.0,0.33,0.56,0.77,61.0,301,81.82
R6,2020,1,Jan-Mar,0.07,3.47,54,0.6,0.12,31.0,0.31,2.76,1.05,59.0,324,90.91
R6,2020,2,Apr-Jun,0,0,0,0,0.0,0.0,0.0,0.0,0,0.0,0,0.0
R6,2020,3,Jul-Sep,0.04,3.77,74,0.49,0.15,46.0,0.2,3.66,0.37,84.0,358,100.0
R6,2020,4,Oct-Dec,0.06,3.74,64,1.24,0.24,34.0,0.42,2.09,1.49,82.0,353,81.82
K1,2021,1,Jan-Mar,0,5.6,33,0.59,0.0,0.0,0.0,0.83,1.67,0.0,69,36.36
K1,2021,2,Apr-Jun,0.03,5.15,45,0.52,0.09,10.0,0.04,1.7,0.51,30.0,68,90.91
K1,2021,3,Jul-Sep,0.05,4.8,45,0.48,0.06,15.0,0.53,1.2,3.6,64.0,62,90.91
K1,2021,4,Oct-Dec,0.05,4,39,0.49,0.26,13.0,0.41,0.68,2.13,40.0,76,90.91
K10,2021,1,Jan-Mar,0,3.7,36,0.59,0.0,0.0,0.0,1.33,1.2,0.0,72,45.45
K10,2021,2,Apr-Jun,0.03,4.9,44,0.59,0.12,10.0,0.04,2.1,0.57,31.0,68,100.0
K10,2021,3,Jul-Sep,0.08,7.06,47,0.54,0.33,13.0,0.4,0.93,1.7,50.0,69,81.82
K10,2021,4,Oct-Dec,0.09,2.5,39,0.52,0.23,16.0,0.62,0.6,1.15,35.0,90,90.91
K11,2021,1,Jan-Mar,0,0.16,24,0.43,0.0,0.0,0.0,0.51,0.1,0.0,73,54.55
K11,2021,2,Apr-Jun,0.03,0.13,25,0.34,0.18,5.0,0.03,1.05,0.1,15.0,44,100.0
K11,2021,3,Jul-Sep,0.05,4.5,34,0.28,0.16,12.0,0.54,0.82,3.3,31.0,60,90.91
K11,2021,4,Oct-Dec,0.09,0.21,30,0.36,0.16,11.0,0.23,1.4,0.1,29.0,70,100.0
K14,2021,1,Jan-Mar,0,1.4,18,0.3,0.0,0.0,0.0,0.98,0.58,0.0,15,54.55
K14,2021,2,Apr-Jun,0.09,0.1,22,0.28,0.23,7.0,0.07,0.73,0.1,19.0,30,100.0
K14,2021,3,Jul-Sep,0.05,0.5,17,0.25,0.12,9.0,0.26,0.5,0.1,35.0,8,100.0
K14,2021,4,Oct-Dec,0.05,2.23,23,0.41,0.15,5.0,0.08,0.5,0.6,20.0,37,100.0
K18,2021,1,Jan-Mar,0,4.34,49,0.74,0.0,0.0,0.0,2.78,1.52,0.0,168,45.45
K18,2021,2,Apr-Jun,0.05,4.48,59,0.83,0.21,17.0,0.29,3.14,1,53.0,152,90.91
K18,2021,3,Jul-Sep,0.09,6.74,59,0.82,0.37,21.0,0.55,1.28,2.44,69.0,171,81.82
K18,2021,4,Oct-Dec,0.06,3.8,47,0.75,0.29,21.0,0.48,0.86,1.71,59.0,126,90.91
K19,2021,1,Jan-Mar,0.05,3.35,46,0.63,0.09,18.0,0.02,3.35,1.32,42.0,138,90.91
K19,2021,2,Apr-Jun,0.05,3.83,60,0.86,0.06,16.0,0.18,3.27,0.91,51.0,139,90.91
K19,2021,3,Jul-Sep,0.07,6.45,60,0.84,0.2,21.0,0.47,1.94,1.98,68.0,170,81.82
K19,2021,4,Oct-Dec,0.06,5.43,53,0.8,0.12,20.0,0.25,0.9,1.85,56.0,158,81.82
K21,2021,1,Jan-Mar,0,5.88,42,0.58,0.0,0.0,0.0,2.25,1.8,0.0,98,36.36
K21,2021,2,Apr-Jun,0.05,5.33,46,0.59,0.13,13.0,0.12,2.37,0.86,45.0,66,81.82
K21,2021,3,Jul-Sep,0.07,7.26,46,0.56,0.2,13.0,0.34,0.79,2.09,50.0,68,81.82
K21,2021,4,Oct-Dec,0.07,5.6,39,0.54,0.23,12.0,0.49,0.73,1.68,40.0,69,81.82
K25,2021,1,Jan-Mar,0,2.7,43,0.86,0.0,0.0,0.0,1.35,0.98,0.0,158,45.45
K25,2021,2,Apr-Jun,0.08,4.4,57,0.82,0.21,13.0,0.23,2.55,0.53,41.0,145,100.0
K25,2021,3,Jul-Sep,0.07,7.07,58,0.78,0.14,20.0,0.39,1.6,2.33,69.0,180,81.82
K25,2021,4,Oct-Dec,0.05,1.95,50,0.82,0.15,23.0,0.33,0.92,0.83,49.0,228,90.91
K3,2021,1,Jan-Mar,0,24.33,60,0.72,0.0,0.0,0.0,0.5,2.97,0.0,62,36.36
K3,2021,2,Apr-Jun,0.05,17.5,58,0.62,0.12,9.0,0.12,0.5,1.7,36.0,50,81.82
K3,2021,3,Jul-Sep,0.28,5.1,29,0.44,0.43,10.0,0.27,0.5,2.6,46.0,37,81.82
K3,2021,4,Oct-Dec,0.05,12.6,54,0.61,0.33,11.0,0.25,0.5,5.03,58.0,61,81.82
K4,2021,1,Jan-Mar,0,3.53,26,0.52,0.0,0.0,0.0,0.61,1.22,0.0,69,45.45
K4,2021,2,Apr-Jun,0.03,4.5,41,0.53,0.09,11.0,0.11,1.6,0.3,29.0,77,100.0
K4,2021,3,Jul-Sep,0.05,3.3,41,0.51,0.6,13.0,0.5,1.1,2.5,44.0,56,90.91
K4,2021,4,Oct-Dec,0.05,2.63,36,0.48,0.21,13.0,0.4,0.97,1.51,37.0,78,90.91
K5,2021,1,Jan-Mar,0,6.67,31,0.59,0.0,0.0,0.0,0.62,0.24,0.0,92,45.45
K5,2021,2,Apr-Jun,0.03,7,41,0.54,0.12,11.0,0.1,0.75,0.1,27.0,92,90.91
K5,2021,3,Jul-Sep,0.05,4.9,41,0.42,0.22,13.0,0.49,0.5,1,38.0,65,90.91
K5,2021,4,Oct-Dec,0.06,3.13,35,0.47,0.29,14.0,0.82,0.66,0.52,32.0,81,100.0
K6,2021,1,Jan-Mar,0,6.63,34,0.53,0.0,0.0,0.0,0.5,1.44,0.0,84,36.36
K6,2021,2,Apr-Jun,0.05,6.7,47,0.58,0.09,14.0,0.12,0.5,1.22,33.0,80,81.82
K6,2021,3,Jul-Sep,0.05,7.05,42,0.5,0.12,17.0,0.83,0.5,1.9,46.0,58,81.82
K6,2021,4,Oct-Dec,0.05,2.89,36,0.56,0.19,12.0,0.35,0.73,1.38,35.0,99,90.91
E17,2021,1,Jan-Mar,0.05,7.45,55,1.57,0.06,71.0,0.46,0.5,0.55,86.0,476,72.73
E17,2021,2,Apr-Jun,0.05,8.83,71,3.73,0.18,61.0,0.58,0.5,0.43,112.0,937,72.73
E17,2021,3,Jul-Sep,0.1,4.1,62,3.5,0.16,94.0,0.54,0.5,7.17,435.0,933,54.55
E17,2021,4,Oct-Dec,0.05,3.02,61,3.2,0.29,84.0,1.04,0.5,0.52,206.0,1005,54.55
E2,2021,1,Jan-Mar,0.05,3.17,16,0.37,0.34,6.0,0.02,0.5,0.59,10.0,19,100.0
E2,2021,2,Apr-Jun,0.05,2.4,25,0.26,0.14,7.0,0.01,0.5,0.12,17.0,23,100.0
E2,2021,3,Jul-Sep,0.05,4.45,33,0.27,0.48,11.0,0.53,0.5,1.13,31.0,13,90.91
E2,2021,4,Oct-Dec,0.09,0.91,19,0.36,1.98,6.0,0.42,0.61,0.18,16.0,17,90.91
E7,2021,1,Jan-Mar,0,2.9,55,1.65,0.0,0.0,0.0,0.52,0.1,0.0,451,45.45
E7,2021,2,Apr-Jun,0.06,2.3,57,2.6,0.37,52.0,0.5,0.58,0.1,80.0,963,81.82
E7,2021,3,Jul-Sep,0.05,5.4,68,3.9,0.5,85.0,0.43,0.5,0.25,81.0,1500,63.64
E7,2021,4,Oct-Dec,0.06,1.93,57,3.57,0.03,83.0,0.34,1.54,0.17,138.0,1203,72.73
E8,2021,1,Jan-Mar,0,0.22,35,0.85,0.0,0.0,0.0,0.9,0.1,0.0,545,45.45
E8,2021,2,Apr-Jun,0.05,1.95,59,1.99,0.02,39.0,0.5,1.3,0.1,77.0,467,90.91
E8,2021,3,Jul-Sep,0.05,0.61,150,3.6,0.01,130.0,0.5,1.5,0.1,180.0,1190,63.64
E8,2021,4,Oct-Dec,0.05,0.41,66,1.75,0.05,18.0,0.37,1.09,0.1,75.0,718,81.82
N7,2021,1,Jan-Mar,0.05,3.25,30,0.64,0.02,17.0,0.1,0.86,0.1,27.0,122,100.0
N7,2021,2,Apr-Jun,0.05,1.05,38,0.71,0.02,18.0,0.27,1.77,0.1,30.0,117,100.0
N7,2021,3,Jul-Sep,0.05,0.5,40,0.7,0.27,15.0,0.24,2.27,0.18,29.0,101,100.0
N7,2021,4,Oct-Dec,0.07,1.21,31,0.66,0.29,16.0,0.6,0.85,0.17,24.0,136,100.0
N8,2021,1,Jan-Mar,0,3.58,56,0.97,0.0,0.0,0.0,1.89,1.41,0.0,327,45.45
N8,2021,2,Apr-Jun,0.05,3.61,71,1.21,0.16,31.0,0.22,3.78,0.61,69.0,354,81.82
N8,2021,3,Jul-Sep,0.05,4.82,78,1.24,0.2,39.0,0.62,2.44,1.69,86.0,501,72.73
N8,2021,4,Oct-Dec,0.06,2.12,61,1.17,0.17,34.0,0.43,1.91,0.88,66.0,402,81.82
R1,2021,1,Jan-Mar,0.05,0.43,62,1.33,0.08,43.0,0.02,0.62,0.23,79.0,320,90.91
R1,2021,2,Apr-Jun,0.05,0.1,42,0.65,0.05,16.0,0.01,2.1,0.18,42.0,65,100.0
R1,2021,3,Jul-Sep,0.05,2.77,50,0.85,0.1,20.0,0.04,3.25,0.25,53.0,125,100.0
R1,2021,4,Oct-Dec,0.49,1.57,32,0.68,0.53,12.0,0.19,0.78,0.24,34.0,43,100.0
R2,2021,1,Jan-Mar,0.06,0.4,33,0.55,0.16,10.0,0.03,1.1,0.25,33.0,46,100.0
R2,2021,2,Apr-Jun,0.05,0.22,71,1.4,0.1,48.0,0.11,0.5,0.1,86.0,620,81.82
R2,2021,3,Jul-Sep,0.05,2.65,56,0.64,0.06,22.0,0.29,0.5,0.1,68.0,77,100.0
R2,2021,4,Oct-Dec,0.05,0.1,54,0.99,0.2,28.0,0.2,0.5,0.12,57.0,166,100.0
R3,2021,1,Jan-Mar,0.05,1.43,49,0.88,0.11,17.0,0.1,0.5,0.82,42.0,61,90.91
R3,2021,2,Apr-Jun,0.05,0.43,40,0.48,0.01,12.0,0.003,0.5,0.1,39.0,34,100.0
R3,2021,3,Jul-Sep,0.05,0.32,43,0.56,0.06,14.0,0.04,1.35,0.1,40.0,30,100.0
R3,2021,4,Oct-Dec,0.4,0.35,29,0.52,0.45,11.0,0.13,1.92,0.23,26.0,47,100.0
R4,2021,1,Jan-Mar,0.05,0.11,110,2.7,0.03,66.0,0.02,0.59,0.22,830.0,693,72.73
R4,2021,2,Apr-Jun,0.05,0.01,36,0.98,0.04,72.0,0.02,2.8,0.1,130.0,305,90.91
R4,2021,3,Jul-Sep,0.05,0.45,160,3.05,0.04,90.0,0.25,3.4,0.1,220.0,625,63.64
R4,2021,4,Oct-Dec,0.05,3.04,89,2.1,0.03,62.0,0.48,1.07,0.94,113.0,763,72.73
R5,2021,1,Jan-Mar,0,0.59,81,1.59,0.0,0.0,0.0,0.76,0.32,0.0,520,36.36
R5,2021,2,Apr-Jun,0.05,1.55,123,2.22,0.04,56.0,0.43,1.74,0.12,100.0,694,81.82
R5,2021,3,Jul-Sep,0.1,2.4,131,2.84,0.08,76.0,0.2,4.68,0.12,282.0,940,63.64
R5,2021,4,Oct-Dec,0.05,0.57,116,2.1,0.04,69.0,0.36,1.53,0.31,82.0,776,81.82
R6,2021,1,Jan-Mar,0,2.11,58,0.96,0.0,0.0,0.0,2.38,1.06,0.0,331,45.45
R6,2021,2,Apr-Jun,0.05,2.15,73,1.35,0.12,32.0,0.28,4.0,0.57,70.0,393,90.91
R6,2021,3,Jul-Sep,0.06,3.79,84,1.27,0.14,42.0,0.54,3.67,1.6,88.0,534,72.73
R6,2021,4,Oct-Dec,0.06,1.69,66,1.18,0.11,36.0,0.62,2.04,0.56,68.0,419,90.91
K1,2022,1,Jan-Mar,0.05,5.37,35,0.48,0.17,16.0,0.41,0.8,0.63,42.0,67,81.82
K1,2022,2,Apr-Jun,0.08,5.75,36,0.42,0.37,13.0,0.61,0.7,0.52,32.0,73,90.91
K10,2022,1,Jan-Mar,0.06,5.2,38,0.53,0.17,21.0,0.32,1.12,0.5,42.0,58,90.91
K10,2022,2,Apr-Jun,0.05,0.1,46,0.5,0.62,14.0,0.78,0.5,0.1,41.0,71,100.0
K11,2022,1,Jan-Mar,0.05,0.63,24,0.29,0.14,10.0,0.09,0.85,0.17,26.0,35,100.0
K11,2022,2,Apr-Jun,0.12,3.98,25,0.31,0.09,9.0,0.28,1.7,0.34,20.0,79,100.0
K14,2022,1,Jan-Mar,0.05,0.21,21,0.28,0.13,7.0,0.05,0.77,0.1,24.0,28,100.0
K14,2022,2,Apr-Jun,0.06,0.15,23,0.25,0.12,4.0,0.02,2.09,0.1,20.0,18,100.0
K18,2022,1,Jan-Mar,0.06,3.87,47,0.7,0.11,25.0,0.18,1.32,0.45,59.0,128,100.0
K18,2022,2,Apr-Jun,0.09,5.45,55,0.69,0.35,21.0,0.67,0.89,0.41,49.0,136,90.91
K19,2022,1,Jan-Mar,0.12,3.51,47,0.75,0.13,25.0,0.07,1.68,0.43,52.0,134,100.0
K19,2022,2,Apr-Jun,0.09,4.94,53,0.73,0.19,22.0,0.51,1.12,0.5,51.0,139,100.0
K21,2022,1,Jan-Mar,0.09,5.38,39,0.53,0.22,17.0,0.44,0.98,0.5,46.0,74,90.91
K21,2022,2,Apr-Jun,0.09,6.01,43,0.49,0.32,15.0,0.63,0.72,0.45,38.0,77,90.91
K25,2022,1,Jan-Mar,0.05,4.23,43,0.67,0.1,23.0,0.19,1.3,0.42,53.0,118,100.0
K25,2022,2,Apr-Jun,0.12,4.45,50,0.63,0.25,19.0,0.47,0.83,0.34,45.0,155,100.0
K3,2022,1,Jan-Mar,0.05,15.3,59,0.54,0.19,18.0,0.28,0.53,0.91,44.0,63,81.82
K3,2022,2,Apr-Jun,0.09,16,52,0.49,0.27,12.0,0.31,0.5,0.85,47.0,59,81.82
K4,2022,1,Jan-Mar,0.05,5.57,29,0.46,0.21,15.0,0.53,0.86,0.71,32.0,72,81.82
K4,2022,2,Apr-Jun,0.05,4.05,34,0.43,0.36,12.0,0.77,0.73,0.15,28.0,79,100.0
K5,2022,1,Jan-Mar,0.06,2.5,25,0.51,0.22,17.0,0.95,1.15,0.1,31.0,93,100.0
K5,2022,2,Apr-Jun,0.13,3.85,34,0.44,0.54,13.0,0.95,0.76,0.1,27.0,88,100.0
K6,2022,1,Jan-Mar,0.05,3.87,32,0.47,0.12,21.0,0.43,0.69,0.42,45.0,67,100.0
K6,2022,2,Apr-Jun,0.06,3.43,37,0.56,0.09,15.0,0.12,0.9,0.31,35.0,79,100.0
E17,2022,1,Jan-Mar,0.06,4.67,69,2.57,0.3,82.0,1.19,0.5,0.16,130.0,913,63.64
E17,2022,2,Apr-Jun,0.05,4.18,63,2.68,0.37,77.0,1.91,0.5,0.14,91.0,948,63.64
E2,2022,1,Jan-Mar,0.05,4.27,31,0.33,0.71,11.0,0.45,0.5,0.51,28.0,32,100.0
E2,2022,2,Apr-Jun,0.05,3.25,51,0.32,0.72,9.0,0.37,0.5,0.4,37.0,35,100.0
E7,2022,1,Jan-Mar,0.12,2.57,68,3.66,0.48,81.0,0.49,0.5,0.63,94.0,1257,63.64
E7,2022,2,Apr-Jun,0.17,5.33,66,2.97,0.47,81.0,2.93,0.5,0.17,95.0,1253,54.55
E8,2022,1,Jan-Mar,0.06,0.17,29,0.78,0.14,19.0,0.45,0.9,0.1,29.0,168,100.0
E8,2022,2,Apr-Jun,0.16,0.3,43,0.97,0.48,38.0,7.15,1.23,0.1,47.0,343,90.91
N7,2022,1,Jan-Mar,0.05,1.87,41,0.76,0.28,25.0,1.32,0.76,0.1,35.0,173,90.91
N7,2022,2,Apr-Jun,0.08,2.44,41,0.75,0.16,24.0,1.48,1.6,0.11,32.0,215,90.91
N8,2022,1,Jan-Mar,0.11,1.86,56,1.03,0.09,43.0,0.15,1.52,0.27,73.0,307,90.91
N8,2022,2,Apr-Jun,0.06,3.59,64,0.95,0.11,35.0,0.52,1.46,0.88,63.0,316,90.91
R1,2022,1,Jan-Mar,0.05,0.16,48,0.99,0.08,43.0,0.17,0.5,0.1,70.0,185,100.0
R1,2022,2,Apr-Jun,0.05,0.1,68,1.1,0.08,50.0,0.12,0.5,0.1,65.0,360,90.91
R2,2022,1,Jan-Mar,0.05,4.76,158,0.71,0.15,25.0,0.93,3.43,0.1,116.0,101,100.0
R2,2022,2,Apr-Jun,0.13,0.1,57,0.53,0.27,21.0,0.09,3.05,0.11,43.0,88,100.0
R3,2022,1,Jan-Mar,0.05,0.28,28,0.52,0.12,17.0,0.05,0.5,0.11,37.0,41,100.0
R3,2022,2,Apr-Jun,0.1,0.1,36,0.52,0.19,16.0,0.03,0.54,0.1,35.0,59,100.0
R4,2022,1,Jan-Mar,0.05,0.2,84,1.87,0.03,72.0,0.17,1.98,0.1,97.0,623,72.73
R4,2022,2,Apr-Jun,0.05,0.7,94,1.4,0.04,65.0,0.07,3.45,0.1,100.0,685,81.82
R5,2022,1,Jan-Mar,0.1,0.46,62,1.18,0.03,56.0,0.09,1.23,0.13,80.0,424,90.91
R5,2022,2,Apr-Jun,0.13,0.78,111,1.95,0.2,59.0,0.38,4.34,0.1,99.0,696,81.82
R6,2022,1,Jan-Mar,0.09,2.11,54,1,0.24,39.0,0.2,1.39,0.35,67.0,282,100.0
R6,2022,2,Apr-Jun,0.08,3.52,72,1.1,0.21,39.0,0.66,1.9,0.47,75.0,370,90.91
